-- phpMyAdmin SQL Dump
-- version 5.2.1
-- https://www.phpmyadmin.net/
--
-- Host: localhost:3306
-- Generation Time: Oct 07, 2024 at 01:29 PM
-- Server version: 10.6.19-MariaDB
-- PHP Version: 8.3.11

SET SQL_MODE = "NO_AUTO_VALUE_ON_ZERO";
START TRANSACTION;
SET time_zone = "+00:00";


/*!40101 SET @OLD_CHARACTER_SET_CLIENT=@@CHARACTER_SET_CLIENT */;
/*!40101 SET @OLD_CHARACTER_SET_RESULTS=@@CHARACTER_SET_RESULTS */;
/*!40101 SET @OLD_COLLATION_CONNECTION=@@COLLATION_CONNECTION */;
/*!40101 SET NAMES utf8mb4 */;

--
-- Database: `karoser6_ecommerceweb`
--

-- --------------------------------------------------------

--
-- Table structure for table `tbl_color`
--

CREATE TABLE `tbl_color` (
  `color_id` int(11) NOT NULL,
  `color_name` varchar(255) NOT NULL
) ENGINE=InnoDB DEFAULT CHARSET=latin1 COLLATE=latin1_swedish_ci;

--
-- Dumping data for table `tbl_color`
--

INSERT INTO `tbl_color` (`color_id`, `color_name`) VALUES
(1, 'Red'),
(2, 'Black'),
(3, 'Blue'),
(4, 'Yellow'),
(5, 'Green'),
(6, 'White'),
(7, 'Orange'),
(8, 'Brown'),
(9, 'Tan'),
(10, 'Pink'),
(11, 'Mixed'),
(12, 'Lightblue'),
(13, 'Violet'),
(14, 'Light Purple'),
(15, 'Salmon'),
(16, 'Gold'),
(17, 'Gray'),
(18, 'Ash'),
(19, 'Maroon'),
(20, 'Silver'),
(21, 'Dark Clay'),
(22, 'Cognac'),
(23, 'Coffee'),
(24, 'Charcoal'),
(25, 'Navy'),
(26, 'Fuchsia'),
(27, 'Olive'),
(28, 'Burgundy'),
(29, 'Midnight Blue');

-- --------------------------------------------------------

--
-- Table structure for table `tbl_country`
--

CREATE TABLE `tbl_country` (
  `country_id` int(11) NOT NULL,
  `country_name` varchar(100) NOT NULL DEFAULT ''
) ENGINE=MyISAM DEFAULT CHARSET=utf8mb3 COLLATE=utf8mb3_general_ci;

--
-- Dumping data for table `tbl_country`
--

INSERT INTO `tbl_country` (`country_id`, `country_name`) VALUES
(1, 'Afghanistan'),
(2, 'Albania'),
(3, 'Algeria'),
(4, 'American Samoa'),
(5, 'Andorra'),
(6, 'Angola'),
(7, 'Anguilla'),
(8, 'Antarctica'),
(9, 'Antigua and Barbuda'),
(10, 'Argentina'),
(11, 'Armenia'),
(12, 'Aruba'),
(13, 'Australia'),
(14, 'Austria'),
(15, 'Azerbaijan'),
(16, 'Bahamas'),
(17, 'Bahrain'),
(18, 'Bangladesh'),
(19, 'Barbados'),
(20, 'Belarus'),
(21, 'Belgium'),
(22, 'Belize'),
(23, 'Benin'),
(24, 'Bermuda'),
(25, 'Bhutan'),
(26, 'Bolivia'),
(27, 'Bosnia and Herzegovina'),
(28, 'Botswana'),
(29, 'Bouvet Island'),
(30, 'Brazil'),
(31, 'British Indian Ocean Territory'),
(32, 'Brunei Darussalam'),
(33, 'Bulgaria'),
(34, 'Burkina Faso'),
(35, 'Burundi'),
(36, 'Cambodia'),
(37, 'Cameroon'),
(38, 'Canada'),
(39, 'Cape Verde'),
(40, 'Cayman Islands'),
(41, 'Central African Republic'),
(42, 'Chad'),
(43, 'Chile'),
(44, 'China'),
(45, 'Christmas Island'),
(46, 'Cocos (Keeling) Islands'),
(47, 'Colombia'),
(48, 'Comoros'),
(49, 'Congo'),
(50, 'Cook Islands'),
(51, 'Costa Rica'),
(52, 'Croatia (Hrvatska)'),
(53, 'Cuba'),
(54, 'Cyprus'),
(55, 'Czech Republic'),
(56, 'Denmark'),
(57, 'Djibouti'),
(58, 'Dominica'),
(59, 'Dominican Republic'),
(60, 'East Timor'),
(61, 'Ecuador'),
(62, 'Egypt'),
(63, 'El Salvador'),
(64, 'Equatorial Guinea'),
(65, 'Eritrea'),
(66, 'Estonia'),
(67, 'Ethiopia'),
(68, 'Falkland Islands (Malvinas)'),
(69, 'Faroe Islands'),
(70, 'Fiji'),
(71, 'Finland'),
(72, 'France'),
(73, 'France, Metropolitan'),
(74, 'French Guiana'),
(75, 'French Polynesia'),
(76, 'French Southern Territories'),
(77, 'Gabon'),
(78, 'Gambia'),
(79, 'Georgia'),
(80, 'Germany'),
(81, 'Ghana'),
(82, 'Gibraltar'),
(83, 'Guernsey'),
(84, 'Greece'),
(85, 'Greenland'),
(86, 'Grenada'),
(87, 'Guadeloupe'),
(88, 'Guam'),
(89, 'Guatemala'),
(90, 'Guinea'),
(91, 'Guinea-Bissau'),
(92, 'Guyana'),
(93, 'Haiti'),
(94, 'Heard and Mc Donald Islands'),
(95, 'Honduras'),
(96, 'Hong Kong'),
(97, 'Hungary'),
(98, 'Iceland'),
(99, 'India'),
(100, 'Isle of Man'),
(101, 'Indonesia'),
(102, 'Iran (Islamic Republic of)'),
(103, 'Iraq'),
(104, 'Ireland'),
(105, 'Israel'),
(106, 'Italy'),
(107, 'Ivory Coast'),
(108, 'Jersey'),
(109, 'Jamaica'),
(110, 'Japan'),
(111, 'Jordan'),
(112, 'Kazakhstan'),
(113, 'Kenya'),
(114, 'Kiribati'),
(115, 'Korea, Democratic People\'s Republic of'),
(116, 'Korea, Republic of'),
(117, 'Kosovo'),
(118, 'Kuwait'),
(119, 'Kyrgyzstan'),
(120, 'Lao People\'s Democratic Republic'),
(121, 'Latvia'),
(122, 'Lebanon'),
(123, 'Lesotho'),
(124, 'Liberia'),
(125, 'Libyan Arab Jamahiriya'),
(126, 'Liechtenstein'),
(127, 'Lithuania'),
(128, 'Luxembourg'),
(129, 'Macau'),
(130, 'Macedonia'),
(131, 'Madagascar'),
(132, 'Malawi'),
(133, 'Malaysia'),
(134, 'Maldives'),
(135, 'Mali'),
(136, 'Malta'),
(137, 'Marshall Islands'),
(138, 'Martinique'),
(139, 'Mauritania'),
(140, 'Mauritius'),
(141, 'Mayotte'),
(142, 'Mexico'),
(143, 'Micronesia, Federated States of'),
(144, 'Moldova, Republic of'),
(145, 'Monaco'),
(146, 'Mongolia'),
(147, 'Montenegro'),
(148, 'Montserrat'),
(149, 'Morocco'),
(150, 'Mozambique'),
(151, 'Myanmar'),
(152, 'Namibia'),
(153, 'Nauru'),
(154, 'Nepal'),
(155, 'Netherlands'),
(156, 'Netherlands Antilles'),
(157, 'New Caledonia'),
(158, 'New Zealand'),
(159, 'Nicaragua'),
(160, 'Niger'),
(161, 'Nigeria'),
(162, 'Niue'),
(163, 'Norfolk Island'),
(164, 'Northern Mariana Islands'),
(165, 'Norway'),
(166, 'Oman'),
(167, 'Pakistan'),
(168, 'Palau'),
(169, 'Palestine'),
(170, 'Panama'),
(171, 'Papua New Guinea'),
(172, 'Paraguay'),
(173, 'Peru'),
(174, 'Philippines'),
(175, 'Pitcairn'),
(176, 'Poland'),
(177, 'Portugal'),
(178, 'Puerto Rico'),
(179, 'Qatar'),
(180, 'Reunion'),
(181, 'Romania'),
(182, 'Russian Federation'),
(183, 'Rwanda'),
(184, 'Saint Kitts and Nevis'),
(185, 'Saint Lucia'),
(186, 'Saint Vincent and the Grenadines'),
(187, 'Samoa'),
(188, 'San Marino'),
(189, 'Sao Tome and Principe'),
(190, 'Saudi Arabia'),
(191, 'Senegal'),
(192, 'Serbia'),
(193, 'Seychelles'),
(194, 'Sierra Leone'),
(195, 'Singapore'),
(196, 'Slovakia'),
(197, 'Slovenia'),
(198, 'Solomon Islands'),
(199, 'Somalia'),
(200, 'South Africa'),
(201, 'South Georgia South Sandwich Islands'),
(202, 'Spain'),
(203, 'Sri Lanka'),
(204, 'St. Helena'),
(205, 'St. Pierre and Miquelon'),
(206, 'Sudan'),
(207, 'Suriname'),
(208, 'Svalbard and Jan Mayen Islands'),
(209, 'Swaziland'),
(210, 'Sweden'),
(211, 'Switzerland'),
(212, 'Syrian Arab Republic'),
(213, 'Taiwan'),
(214, 'Tajikistan'),
(215, 'Tanzania, United Republic of'),
(216, 'Thailand'),
(217, 'Togo'),
(218, 'Tokelau'),
(219, 'Tonga'),
(220, 'Trinidad and Tobago'),
(221, 'Tunisia'),
(222, 'Turkey'),
(223, 'Turkmenistan'),
(224, 'Turks and Caicos Islands'),
(225, 'Tuvalu'),
(226, 'Uganda'),
(227, 'Ukraine'),
(228, 'United Arab Emirates'),
(229, 'United Kingdom'),
(230, 'United States'),
(231, 'United States minor outlying islands'),
(232, 'Uruguay'),
(233, 'Uzbekistan'),
(234, 'Vanuatu'),
(235, 'Vatican City State'),
(236, 'Venezuela'),
(237, 'Vietnam'),
(238, 'Virgin Islands (British)'),
(239, 'Virgin Islands (U.S.)'),
(240, 'Wallis and Futuna Islands'),
(241, 'Western Sahara'),
(242, 'Yemen'),
(243, 'Zaire'),
(244, 'Zambia'),
(245, 'Zimbabwe');

-- --------------------------------------------------------

--
-- Table structure for table `tbl_customer`
--

CREATE TABLE `tbl_customer` (
  `cust_id` int(11) NOT NULL,
  `cust_name` varchar(100) NOT NULL,
  `cust_cname` varchar(100) NOT NULL,
  `cust_email` varchar(100) NOT NULL,
  `cust_phone` varchar(50) NOT NULL,
  `cust_country` int(11) NOT NULL,
  `cust_address` text NOT NULL,
  `cust_city` varchar(100) NOT NULL,
  `cust_state` varchar(100) NOT NULL,
  `cust_zip` varchar(30) NOT NULL,
  `cust_b_name` varchar(100) NOT NULL,
  `cust_b_cname` varchar(100) NOT NULL,
  `cust_b_phone` varchar(50) NOT NULL,
  `cust_b_country` int(11) NOT NULL,
  `cust_b_address` text NOT NULL,
  `cust_b_city` varchar(100) NOT NULL,
  `cust_b_state` varchar(100) NOT NULL,
  `cust_b_zip` varchar(30) NOT NULL,
  `cust_s_name` varchar(100) NOT NULL,
  `cust_s_cname` varchar(100) NOT NULL,
  `cust_s_phone` varchar(50) NOT NULL,
  `cust_s_country` int(11) NOT NULL,
  `cust_s_address` text NOT NULL,
  `cust_s_city` varchar(100) NOT NULL,
  `cust_s_state` varchar(100) NOT NULL,
  `cust_s_zip` varchar(30) NOT NULL,
  `cust_password` varchar(100) NOT NULL,
  `cust_token` varchar(255) NOT NULL,
  `cust_datetime` varchar(100) NOT NULL,
  `cust_timestamp` varchar(100) NOT NULL,
  `cust_status` int(1) NOT NULL
) ENGINE=InnoDB DEFAULT CHARSET=latin1 COLLATE=latin1_swedish_ci;

--
-- Dumping data for table `tbl_customer`
--

INSERT INTO `tbl_customer` (`cust_id`, `cust_name`, `cust_cname`, `cust_email`, `cust_phone`, `cust_country`, `cust_address`, `cust_city`, `cust_state`, `cust_zip`, `cust_b_name`, `cust_b_cname`, `cust_b_phone`, `cust_b_country`, `cust_b_address`, `cust_b_city`, `cust_b_state`, `cust_b_zip`, `cust_s_name`, `cust_s_cname`, `cust_s_phone`, `cust_s_country`, `cust_s_address`, `cust_s_city`, `cust_s_state`, `cust_s_zip`, `cust_password`, `cust_token`, `cust_datetime`, `cust_timestamp`, `cust_status`) VALUES
(1, 'Liam Moore', 'WV Company', 'liam@mail.com', '7458965410', 230, '788 Cottonwood Lane', 'Nashville', 'TN', '37072', '', '', '', 0, '', '', '', '', '', '', '', 0, '', '', '', '', '5f4dcc3b5aa765d61d8327deb882cf99', '0081e99a29cacd4b553db15c5c5c047e', '2022-03-17 11:09:34', '1647544174', 1),
(2, 'Chad N. Carney', 'none', 'chad@mail.com', '4785690000', 230, '469 Diamond Street', 'Charlotte', 'NC', '28808', 'Chad N. Carney', 'none', '7477474440', 230, '469 Diamond Street', 'Charlotte', 'NC', '28808', 'Chad N. Carney', 'none', '7477474440', 230, '469 Diamond Street', 'Charlotte', 'NC', '28808', '5f4dcc3b5aa765d61d8327deb882cf99', 'ca87666426f4bc5c5128a96dabfecefb', '2022-03-17 11:15:26', '1647544526', 1),
(3, 'Jean Collins', 'none', 'jean@mail.com', '1478523698', 230, '1508 Crosswind Drive', 'Owensboro', 'KY', '13040', 'Jean Collins', 'none', '1478523698', 230, '1508 Crosswind Drive', 'Owensboro', 'KY', '13040', 'Jean Collins', 'none', '1478523698', 230, '1508 Crosswind Drive', 'Owensboro', 'KY', '13040', '5f4dcc3b5aa765d61d8327deb882cf99', '6b3439bf95644a36a1ed92bef374ebb7', '2022-03-20 10:29:39', '1647797379', 1),
(4, 'Annie Young', 'XYZ Company', 'annie@mail.com', '7770001144', 230, '79 Burwell Heights Road', 'Beaumont', 'TX', '77400', '', '', '', 0, '', '', '', '', '', '', '', 0, '', '', '', '', '5f4dcc3b5aa765d61d8327deb882cf99', 'fc8f07537cdd6b3f89eb94f1cad78060', '2022-03-20 10:31:35', '1647797495', 1),
(5, 'Matthew Morales', 'ABC Company', 'matthew@mail.com', '7896587450', 230, '81 Felosa Drive', 'Mira Loma', 'CA', '91002', 'Matthew Morales', 'ABC Company', '7896587450', 230, '81 Felosa Drive', 'Mira Loma', 'CA', '91002', 'Matthew Morales', 'ABC Company', '7896587450', 230, '81 Felosa Drive', 'Mira Loma', 'CA', '91002', '5f4dcc3b5aa765d61d8327deb882cf99', 'c391105908fe01a636bfa5fc39eed33d', '2022-03-20 10:33:15', '1647797595', 1),
(6, 'August F. Freels', 'none', 'august@mail.com', '1478547850', 230, '96 Johnny Lane', 'Milwaukee', 'WI', '55550', 'August F. Freels', 'none', '1478547850', 230, '96 Johnny Lane', 'Milwaukee', 'WI', '55550', 'August F. Freels', 'none', '1478547850', 230, '96 Johnny Lane', 'Milwaukee', 'WI', '55550', '5f4dcc3b5aa765d61d8327deb882cf99', 'decc1fc2c5dd9935df82c0233002ce66', '2022-03-20 10:34:08', '1647797648', 1),
(7, 'Carl M. Dineen', 'none', 'carl@mail.com', '789878987', 230, '77 Lyndon Street', 'Kutztown', 'PA', '19855', '', '', '', 0, '', '', '', '', '', '', '', 0, '', '', '', '', '5f4dcc3b5aa765d61d8327deb882cf99', 'c79bac688e70cc9665a2164c57ec172c', '2022-03-20 10:35:02', '1647797702', 1),
(8, 'Benjamin B. Louque', 'none', 'benjamin@mail.com', '7777889955', 230, '32 Bridge Street', 'Tulsa', 'OK', '74220', '', '', '', 0, '', '', '', '', '', '', '', 0, '', '', '', '', '5f4dcc3b5aa765d61d8327deb882cf99', '5a0e096368f9669508af7b7203382b07', '2022-03-20 10:36:31', '1647797791', 1),
(9, 'Joe K. Richardson', 'none', 'joe@mail.com', '4444445555', 230, '17 Derek Drive', 'Youngstown', 'OH', '44500', '', '', '', 0, '', '', '', '', '', '', '', 0, '', '', '', '', '5f4dcc3b5aa765d61d8327deb882cf99', 'e74ac0178d7833988d4b1625c42ba26e', '2022-03-20 10:37:18', '1647797838', 1),
(10, 'Will Williams', 'Test Company', 'williams@mail.com', '7410000000', 230, '39 Marcus Street', 'Anniston', 'AL', '37207', 'Will Williams', 'Test Company', '7410000000', 230, '39 Marcus Street', 'Anniston', 'AL', '37207', 'Will Williams', 'Test Company', '7410000000', 230, '39 Marcus Street', 'Anniston', 'AL', '37207', '5f4dcc3b5aa765d61d8327deb882cf99', '941c9265fb920f691cf01b12a15f80f8', '2022-03-20 11:15:59', '1647800159', 1);

-- --------------------------------------------------------

--
-- Table structure for table `tbl_customer_message`
--

CREATE TABLE `tbl_customer_message` (
  `customer_message_id` int(11) NOT NULL,
  `subject` varchar(255) NOT NULL,
  `message` text NOT NULL,
  `order_detail` text NOT NULL,
  `cust_id` int(11) NOT NULL
) ENGINE=MyISAM DEFAULT CHARSET=latin1 COLLATE=latin1_swedish_ci;

-- --------------------------------------------------------

--
-- Table structure for table `tbl_end_category`
--

CREATE TABLE `tbl_end_category` (
  `ecat_id` int(11) NOT NULL,
  `ecat_name` varchar(255) NOT NULL,
  `mcat_id` int(11) NOT NULL
) ENGINE=InnoDB DEFAULT CHARSET=latin1 COLLATE=latin1_swedish_ci;

--
-- Dumping data for table `tbl_end_category`
--

INSERT INTO `tbl_end_category` (`ecat_id`, `ecat_name`, `mcat_id`) VALUES
(80, 'Arm Roll + Kontainer', 18),
(81, 'Dump Truck Aero', 19),
(82, 'Unit Sky Lift', 20),
(83, 'Mobil + Tangki', 21),
(85, 'Unit Compactor', 23),
(86, 'Unit Pelayanan', 24),
(87, 'Unit Self Loader', 25),
(88, 'Mobil Rak Pengangkut Tanaman', 26),
(89, 'Mini', 19),
(90, 'Mobil Muatan Terbuka', 27),
(91, 'TRUCK LOW BED', 28),
(92, 'TRUCK CRANE', 30);

-- --------------------------------------------------------

--
-- Table structure for table `tbl_faq`
--

CREATE TABLE `tbl_faq` (
  `faq_id` int(11) NOT NULL,
  `faq_title` varchar(255) NOT NULL,
  `faq_content` text NOT NULL
) ENGINE=InnoDB DEFAULT CHARSET=latin1 COLLATE=latin1_swedish_ci;

--
-- Dumping data for table `tbl_faq`
--

INSERT INTO `tbl_faq` (`faq_id`, `faq_title`, `faq_content`) VALUES
(1, '<center>History</center>', '<p style=\"text-align: justify; box-sizing: inherit; text-rendering: optimizelegibility; margin-top: 0.2rem; margin-bottom: 0.5rem; padding: 0px; line-height: 1.4; background-color: rgb(250, 250, 250);\"><font color=\"#777777\">PT. Senang Jaya Abadi moves in the field of hydraulic distributors. In 2009 PT. Senang Jaya Abadi began to build the carpooling of plates, dump trucks, ring tanks, water tanks and loading tanks. With the best quality and materials and supported with the latest technology and worked by a team of experienced experts in its field, thus producing quality products. Since the beginning, the aspiration of PT. Senang Jaya Eternal is to create quality products so that they can compete in the national market. With the ISO 9001-2008 Quality Management System Certification, the products produced are expected to be more quality and stable. Get all the facilities and services from our company, which we will provide to serve any operational fleet needs, in order to improve the performance and profitability of the company.</font></p>\r\n'),
(2, '<center>Vision</center>', '<p style=\"text-align: center;\"><span style=\"font-family: \" times=\"\" new=\"\" roman\";\"=\"\" roman\";=\"\" font-size:=\"\" 18px;=\"\" text-align:=\"\" center;=\"\" background-color:=\"\" rgb(252,=\"\" 252,=\"\" 252);\"=\"\">Become a more advanced corporate industry company of the time to come to satisfy customer satisfaction</span><br></p>'),
(3, '<center>Mission</center>', '<p style=\"text-align: center; outline: 0px; margin-bottom: 15px; padding: 0px; border: 0px; font-variant-numeric: inherit; font-variant-east-asian: inherit; font-variant-alternates: inherit; font-stretch: inherit; line-height: inherit; font-optical-sizing: inherit; font-kerning: inherit; font-feature-settings: inherit; font-variation-settings: inherit; vertical-align: top; background-image: initial; background-position: initial; background-size: initial; background-repeat: initial; background-attachment: initial; background-origin: initial; background-clip: initial;\">- Improve the company\'s best performance in a growing and expanding body industry to meet consumer expectations -</p><p style=\"text-align: center; outline: 0px; margin-bottom: 15px; padding: 0px; border: 0px; font-variant-numeric: inherit; font-variant-east-asian: inherit; font-variant-alternates: inherit; font-stretch: inherit; line-height: inherit; font-optical-sizing: inherit; font-kerning: inherit; font-feature-settings: inherit; font-variation-settings: inherit; vertical-align: top; background-image: initial; background-position: initial; background-size: initial; background-repeat: initial; background-attachment: initial; background-origin: initial; background-clip: initial;\">- Manage the company professionally and innovatively with a product quality orientation and customer service accepted as a reliable human resource work -</p><p style=\"text-align: center; outline: 0px; margin-bottom: 15px; padding: 0px; border: 0px; font-variant-numeric: inherit; font-variant-east-asian: inherit; font-variant-alternates: inherit; font-stretch: inherit; line-height: inherit; font-optical-sizing: inherit; font-kerning: inherit; font-feature-settings: inherit; font-variation-settings: inherit; vertical-align: top; background-image: initial; background-position: initial; background-size: initial; background-repeat: initial; background-attachment: initial; background-origin: initial; background-clip: initial;\">- Implementing corporate operations by implementing modern management -</p>');

-- --------------------------------------------------------

--
-- Table structure for table `tbl_language`
--

CREATE TABLE `tbl_language` (
  `lang_id` int(11) NOT NULL,
  `lang_name` varchar(255) NOT NULL,
  `lang_value` text NOT NULL
) ENGINE=MyISAM DEFAULT CHARSET=latin1 COLLATE=latin1_swedish_ci;

--
-- Dumping data for table `tbl_language`
--

INSERT INTO `tbl_language` (`lang_id`, `lang_name`, `lang_value`) VALUES
(1, 'Currency', '$'),
(2, 'Search Product', 'Search Product'),
(3, 'Search', 'Search'),
(4, 'Submit', 'Submit'),
(5, 'Update', 'Update'),
(6, 'Read More', 'Read More'),
(7, 'Serial', 'Serial'),
(8, 'Photo', 'Photo'),
(9, 'Login', 'Login'),
(10, 'Customer Login', 'Customer Login'),
(11, 'Click here to login', 'Click here to login'),
(12, 'Back to Login Page', 'Back to Login Page'),
(13, 'Logged in as', 'Logged in as'),
(14, 'Logout', 'Logout'),
(15, 'Register', 'Register'),
(16, 'Customer Registration', 'Customer Registration'),
(17, 'Registration Successful', 'Registration Successful'),
(18, 'Cart', 'Cart'),
(19, 'View Cart', 'View Cart'),
(20, 'Update Cart', 'Update Cart'),
(21, 'Back to Cart', 'Back to Cart'),
(22, 'Checkout', 'Checkout'),
(23, 'Proceed to Checkout', 'Proceed to Checkout'),
(24, 'Orders', 'Orders'),
(25, 'Order History', 'Order History'),
(26, 'Order Details', 'Order Details'),
(27, 'Payment Date and Time', 'Payment Date and Time'),
(28, 'Transaction ID', 'Transaction ID'),
(29, 'Paid Amount', 'Paid Amount'),
(30, 'Payment Status', 'Payment Status'),
(31, 'Payment Method', 'Payment Method'),
(32, 'Payment ID', 'Payment ID'),
(33, 'Payment Section', 'Payment Section'),
(34, 'Select Payment Method', 'Select Payment Method'),
(35, 'Select a Method', 'Select a Method'),
(36, 'PayPal', 'PayPal'),
(37, 'Stripe', 'Stripe'),
(38, 'Bank Deposit', 'Bank Deposit'),
(39, 'Card Number', 'Card Number'),
(40, 'CVV', 'CVV'),
(41, 'Month', 'Month'),
(42, 'Year', 'Year'),
(43, 'Send to this Details', 'Send to this Details'),
(44, 'Transaction Information', 'Transaction Information'),
(45, 'Include transaction id and other information correctly', 'Include transaction id and other information correctly'),
(46, 'Pay Now', 'Pay Now'),
(47, 'Product Name', 'Product Name'),
(48, 'Product Details', 'Product Details'),
(49, 'Categories', 'Categories'),
(50, 'Category:', 'Category:'),
(51, 'All Products Under', 'All Products Under'),
(52, 'Select Size', 'Select Size'),
(53, 'Select Color', 'Select Color'),
(54, 'Product Price', 'Product Price'),
(55, 'Quantity', 'Quantity'),
(56, 'Out of Stock', 'Out of Stock'),
(57, 'Share This', 'Share This'),
(58, 'Share This Product', 'Share This Product'),
(59, 'Product Description', 'Product Description'),
(60, 'Features', 'Features'),
(61, 'Conditions', 'Conditions'),
(62, 'Return Policy', 'Return Policy'),
(63, 'Reviews', 'Reviews'),
(64, 'Review', 'Review'),
(65, 'Give a Review', 'Give a Review'),
(66, 'Write your comment (Optional)', 'Write your comment (Optional)'),
(67, 'Submit Review', 'Submit Review'),
(68, 'You already have given a rating!', 'You already have given a rating!'),
(69, 'You must have to login to give a review', 'You must have to login to give a review'),
(70, 'No description found', 'No description found'),
(71, 'No feature found', 'No feature found'),
(72, 'No condition found', 'No condition found'),
(73, 'No return policy found', 'No return policy found'),
(74, 'Review not found', 'Review not found'),
(75, 'Customer Name', 'Customer Name'),
(76, 'Comment', 'Comment'),
(77, 'Comments', 'Comments'),
(78, 'Rating', 'Rating'),
(79, 'Previous', 'Previous'),
(80, 'Next', 'Next'),
(81, 'Sub Total', 'Sub Total'),
(82, 'Total', 'Total'),
(83, 'Action', 'Action'),
(84, 'Shipping Cost', 'Shipping Cost'),
(85, 'Continue Shopping', 'Continue Shopping'),
(86, 'Update Billing Address', 'Update Billing Address'),
(87, 'Update Shipping Address', 'Update Shipping Address'),
(88, 'Update Billing and Shipping Info', 'Update Billing and Shipping Info'),
(89, 'Dashboard', 'Dashboard'),
(90, 'Welcome to the Dashboard', 'Welcome to the Dashboard'),
(91, 'Back to Dashboard', 'Back to Dashboard'),
(92, 'Subscribe', 'Subscribe'),
(93, 'Subscribe To Our Newsletter', 'Subscribe To Our Newsletter'),
(94, 'Email Address', 'Email Address'),
(95, 'Enter Your Email Address', 'Enter Your Email Address'),
(96, 'Password', 'Password'),
(97, 'Forget Password', 'Forget Password'),
(98, 'Retype Password', 'Retype Password'),
(99, 'Update Password', 'Update Password'),
(100, 'New Password', 'New Password'),
(101, 'Retype New Password', 'Retype New Password'),
(102, 'Full Name', 'Full Name'),
(103, 'Company Name', 'Company Name'),
(104, 'Phone Number', 'Phone Number'),
(105, 'Address', 'Address'),
(106, 'Country', 'Country'),
(107, 'City', 'City'),
(108, 'State', 'State'),
(109, 'Zip Code', 'Zip Code'),
(110, 'About Us', 'About Us'),
(111, 'Featured Posts', 'Featured Posts'),
(112, 'Popular Posts', 'Popular Posts'),
(113, 'Recent Posts', 'Recent Posts'),
(114, 'Contact Information', 'Contact Information'),
(115, 'Contact Form', 'Contact Form'),
(116, 'Our Office', 'Our Office'),
(117, 'Update Profile', 'Update Profile'),
(118, 'Send Message', 'Send Message'),
(119, 'Message', 'Message'),
(120, 'Find Us On Map', 'Find Us On Map'),
(121, 'Congratulation! Payment is successful.', 'Congratulation! Payment is successful.'),
(122, 'Billing and Shipping Information is updated successfully.', 'Billing and Shipping Information is updated successfully.'),
(123, 'Customer Name can not be empty.', 'Customer Name can not be empty.'),
(124, 'Phone Number can not be empty.', 'Phone Number can not be empty.'),
(125, 'Address can not be empty.', 'Address can not be empty.'),
(126, 'You must have to select a country.', 'You must have to select a country.'),
(127, 'City can not be empty.', 'City can not be empty.'),
(128, 'State can not be empty.', 'State can not be empty.'),
(129, 'Zip Code can not be empty.', 'Zip Code can not be empty.'),
(130, 'Profile Information is updated successfully.', 'Profile Information is updated successfully.'),
(131, 'Email Address can not be empty', 'Email Address can not be empty'),
(132, 'Email and/or Password can not be empty.', 'Email and/or Password can not be empty.'),
(133, 'Email Address does not match.', 'Email Address does not match.'),
(134, 'Email address must be valid.', 'Email address must be valid.'),
(135, 'You email address is not found in our system.', 'You email address is not found in our system.'),
(136, 'Please check your email and confirm your subscription.', 'Please check your email and confirm your subscription.'),
(137, 'Your email is verified successfully. You can now login to our website.', 'Your email is verified successfully. You can now login to our website.'),
(138, 'Password can not be empty.', 'Password can not be empty.'),
(139, 'Passwords do not match.', 'Passwords do not match.'),
(140, 'Please enter new and retype passwords.', 'Please enter new and retype passwords.'),
(141, 'Password is updated successfully.', 'Password is updated successfully.'),
(142, 'To reset your password, please click on the link below.', 'To reset your password, please click on the link below.'),
(143, 'PASSWORD RESET REQUEST - YOUR WEBSITE.COM', 'PASSWORD RESET REQUEST - YOUR WEBSITE.COM'),
(144, 'The password reset email time (24 hours) has expired. Please again try to reset your password.', 'The password reset email time (24 hours) has expired. Please again try to reset your password.'),
(145, 'A confirmation link is sent to your email address. You will get the password reset information in there.', 'A confirmation link is sent to your email address. You will get the password reset information in there.'),
(146, 'Password is reset successfully. You can now login.', 'Password is reset successfully. You can now login.'),
(147, 'Email Address Already Exists', 'Email Address Already Exists.'),
(148, 'Sorry! Your account is inactive. Please contact to the administrator.', 'Sorry! Your account is inactive. Please contact to the administrator.'),
(149, 'Change Password', 'Change Password'),
(150, 'Registration Email Confirmation for YOUR WEBSITE', 'Registration Email Confirmation for YOUR WEBSITE.'),
(151, 'Thank you for your registration! Your account has been created. To active your account click on the link below:', 'Thank you for your registration! Your account has been created. To active your account click on the link below:'),
(152, 'Your registration is completed. Please check your email address to follow the process to confirm your registration.', 'Your registration is completed. Please check your email address to follow the process to confirm your registration.'),
(153, 'No Product Found', 'No Product Found'),
(154, 'Add to Cart', 'Add to Cart'),
(155, 'Related Products', 'Related Products'),
(156, 'See all related products from below', 'See all the related products from below'),
(157, 'Size', 'Size'),
(158, 'Color', 'Color'),
(159, 'Price', 'Price'),
(160, 'Please login as customer to checkout', 'Please login as customer to checkout'),
(161, 'Billing Address', 'Billing Address'),
(162, 'Shipping Address', 'Shipping Address'),
(163, 'Rating is Submitted Successfully!', 'Rating is Submitted Successfully!');

-- --------------------------------------------------------

--
-- Table structure for table `tbl_mid_category`
--

CREATE TABLE `tbl_mid_category` (
  `mcat_id` int(11) NOT NULL,
  `mcat_name` varchar(255) NOT NULL,
  `tcat_id` int(11) NOT NULL
) ENGINE=InnoDB DEFAULT CHARSET=latin1 COLLATE=latin1_swedish_ci;

--
-- Dumping data for table `tbl_mid_category`
--

INSERT INTO `tbl_mid_category` (`mcat_id`, `mcat_name`, `tcat_id`) VALUES
(18, 'Arm Roll', 6),
(19, 'Dump Truck', 6),
(20, 'Skylift', 6),
(21, 'Mobil Tangki', 6),
(23, 'Compactor', 6),
(24, 'Khusus', 6),
(25, 'Self Loader', 6),
(26, 'Mobil Pengangkut', 6),
(27, 'Mobil Muatan', 6),
(28, 'UNIT LOW BED', 6),
(30, 'TRUCK CRANE', 6);

-- --------------------------------------------------------

--
-- Table structure for table `tbl_order`
--

CREATE TABLE `tbl_order` (
  `id` int(11) NOT NULL,
  `product_id` int(11) NOT NULL,
  `product_name` varchar(255) NOT NULL,
  `size` varchar(100) NOT NULL,
  `color` varchar(100) NOT NULL,
  `quantity` varchar(50) NOT NULL,
  `unit_price` varchar(50) NOT NULL,
  `payment_id` varchar(255) NOT NULL
) ENGINE=InnoDB DEFAULT CHARSET=latin1 COLLATE=latin1_swedish_ci;

-- --------------------------------------------------------

--
-- Table structure for table `tbl_page`
--

CREATE TABLE `tbl_page` (
  `id` int(11) NOT NULL,
  `about_title` varchar(255) NOT NULL,
  `about_content` text NOT NULL,
  `about_banner` varchar(255) NOT NULL,
  `about_meta_title` varchar(255) NOT NULL,
  `about_meta_keyword` text NOT NULL,
  `about_meta_description` text NOT NULL,
  `faq_title` varchar(255) NOT NULL,
  `faq_banner` varchar(255) NOT NULL,
  `faq_meta_title` varchar(255) NOT NULL,
  `faq_meta_keyword` text NOT NULL,
  `faq_meta_description` text NOT NULL,
  `blog_title` varchar(255) NOT NULL,
  `blog_banner` varchar(255) NOT NULL,
  `blog_meta_title` varchar(255) NOT NULL,
  `blog_meta_keyword` text NOT NULL,
  `blog_meta_description` text NOT NULL,
  `contact_title` varchar(255) NOT NULL,
  `contact_banner` varchar(255) NOT NULL,
  `contact_meta_title` varchar(255) NOT NULL,
  `contact_meta_keyword` text NOT NULL,
  `contact_meta_description` text NOT NULL,
  `pgallery_title` varchar(255) NOT NULL,
  `pgallery_banner` varchar(255) NOT NULL,
  `pgallery_meta_title` varchar(255) NOT NULL,
  `pgallery_meta_keyword` text NOT NULL,
  `pgallery_meta_description` text NOT NULL,
  `vgallery_title` varchar(255) NOT NULL,
  `vgallery_banner` varchar(255) NOT NULL,
  `vgallery_meta_title` varchar(255) NOT NULL,
  `vgallery_meta_keyword` text NOT NULL,
  `vgallery_meta_description` text NOT NULL
) ENGINE=InnoDB DEFAULT CHARSET=latin1 COLLATE=latin1_swedish_ci;

--
-- Dumping data for table `tbl_page`
--

INSERT INTO `tbl_page` (`id`, `about_title`, `about_content`, `about_banner`, `about_meta_title`, `about_meta_keyword`, `about_meta_description`, `faq_title`, `faq_banner`, `faq_meta_title`, `faq_meta_keyword`, `faq_meta_description`, `blog_title`, `blog_banner`, `blog_meta_title`, `blog_meta_keyword`, `blog_meta_description`, `contact_title`, `contact_banner`, `contact_meta_title`, `contact_meta_keyword`, `contact_meta_description`, `pgallery_title`, `pgallery_banner`, `pgallery_meta_title`, `pgallery_meta_keyword`, `pgallery_meta_description`, `vgallery_title`, `vgallery_banner`, `vgallery_meta_title`, `vgallery_meta_keyword`, `vgallery_meta_description`) VALUES
(1, 'About', '<p style=\"text-align: center; border: 0px solid; margin-top: 1.5rem; margin-bottom: 0px;\">Welcome to PT. Karoseri Senang Jaya Abadi</p><p style=\"text-align: justify; border: 0px solid; margin-top: 1.5rem; margin-bottom: 0px;\"><font color=\"#777777\"><span style=\"font-size: 14px;\">PT. Senang Jaya Abadi moves in the field of hydraulic distributors. In 2009 PT. Senang Jaya Abadi began to build the carpooling of plates, dump trucks, ring tanks, water tanks and loading tanks. With the best quality and materials and supported with the latest technology and worked by a team of experienced experts in its field, thus producing quality products. Since the beginning, the aspiration of PT. Senang Jaya Eternal is to create quality products so that they can compete in the national market. With the ISO 9001-2008 Quality Management System Certification, the products produced are expected to be more quality and stable. Get all the facilities and services from our company, which we will provide to serve any operational fleet needs, in order to improve the performance and profitability of the company.</span></font><br></p>\r\n', 'about-banner.jpg', 'Karoseri Senang Jaya Abadi, karoseri cirebon, website karoseri, karoseri indonesia, karoseri terbaik, karoseri terbaik di cirebon, karoseri di cirebon, karoseri dump truk cirebon, karoseri dump truck cirebon', 'Karoseri Senang Jaya Abadi, karoseri cirebon, website karoseri, karoseri indonesia, karoseri terbaik, karoseri terbaik di cirebon, karoseri di cirebon, karoseri dump truk cirebon, karoseri dump truck cirebon', 'Karoseri Senang Jaya Abadi, website karoseri, karoseri dump truck di cirebon, karoseri terbaik di indonesia, karoseri terbaik di cirebon, karoseri yang mengerjakan dump truck, mobil khusus, sky lift, dan lain-lain.', 'Achievment', 'faq-banner.jpg', 'Karoseri Senang Jaya Abadi, karoseri cirebon, website karoseri, karoseri indonesia, karoseri terbaik, karoseri terbaik di cirebon, karoseri di cirebon, karoseri dump truk cirebon, karoseri dump truck cirebon', 'Karoseri Senang Jaya Abadi, website karoseri, karoseri cirebon, karoseri indonesia, karoseri terbaik, karoseri terbaik di cirebon, karoseri di cirebon, karoseri dump truk cirebon, karoseri dump truck cirebon', 'Karoseri Senang Jaya Abadi, website karoseri, karoseri dump truck di cirebon, karoseri terbaik di indonesia, karoseri terbaik di cirebon, karoseri yang mengerjakan dump truck, mobil khusus, sky lift, dan lain-lain.', 'Blog', 'blog-banner.jpg', 'Ecommerce - Blog', '', '', 'Contact Us', 'contact-banner.jpg', 'Karoseri Senang Jaya Abadi, karoseri cirebon, website karoseri, karoseri indonesia, karoseri terbaik, karoseri terbaik di cirebon, karoseri di cirebon, karoseri dump truk cirebon, karoseri dump truck cirebon', 'Karoseri Senang Jaya Abadi, website karoseri, karoseri cirebon, karoseri indonesia, karoseri terbaik, karoseri terbaik di cirebon, karoseri di cirebon, karoseri dump truk cirebon, karoseri dump truck cirebon', 'Karoseri Senang Jaya Abadi, website karoseri, karoseri dump truck di cirebon, karoseri terbaik di indonesia, karoseri terbaik di cirebon, karoseri yang mengerjakan dump truck, mobil khusus, sky lift, dan lain-lain.', 'Photo Gallery', 'pgallery-banner.jpg', 'Ecommerce - Photo Gallery', '', '', 'Video Gallery', 'vgallery-banner.jpg', 'Ecommerce - Video Gallery', '', '');

-- --------------------------------------------------------

--
-- Table structure for table `tbl_payment`
--

CREATE TABLE `tbl_payment` (
  `id` int(11) NOT NULL,
  `customer_id` int(11) NOT NULL,
  `customer_name` varchar(255) NOT NULL,
  `customer_email` varchar(255) NOT NULL,
  `payment_date` varchar(50) NOT NULL,
  `txnid` varchar(255) NOT NULL,
  `paid_amount` int(11) NOT NULL,
  `card_number` varchar(50) NOT NULL,
  `card_cvv` varchar(10) NOT NULL,
  `card_month` varchar(10) NOT NULL,
  `card_year` varchar(10) NOT NULL,
  `bank_transaction_info` text NOT NULL,
  `payment_method` varchar(20) NOT NULL,
  `payment_status` varchar(25) NOT NULL,
  `shipping_status` varchar(20) NOT NULL,
  `payment_id` varchar(255) NOT NULL
) ENGINE=MyISAM DEFAULT CHARSET=latin1 COLLATE=latin1_swedish_ci;

-- --------------------------------------------------------

--
-- Table structure for table `tbl_photo`
--

CREATE TABLE `tbl_photo` (
  `id` int(11) NOT NULL,
  `caption` varchar(255) NOT NULL,
  `photo` varchar(255) NOT NULL
) ENGINE=InnoDB DEFAULT CHARSET=latin1 COLLATE=latin1_swedish_ci;

--
-- Dumping data for table `tbl_photo`
--

INSERT INTO `tbl_photo` (`id`, `caption`, `photo`) VALUES
(1, 'Photo 1', 'photo-1.jpg'),
(2, 'Photo 2', 'photo-2.jpg'),
(3, 'Photo 3', 'photo-3.jpg'),
(4, 'Photo 4', 'photo-4.jpg'),
(5, 'Photo 5', 'photo-5.jpg'),
(6, 'Photo 6', 'photo-6.jpg');

-- --------------------------------------------------------

--
-- Table structure for table `tbl_post`
--

CREATE TABLE `tbl_post` (
  `post_id` int(11) NOT NULL,
  `post_title` varchar(255) NOT NULL,
  `post_slug` varchar(255) NOT NULL,
  `post_content` text NOT NULL,
  `post_date` varchar(255) NOT NULL,
  `photo` varchar(255) NOT NULL,
  `category_id` int(11) NOT NULL,
  `total_view` int(11) NOT NULL,
  `meta_title` varchar(255) NOT NULL,
  `meta_keyword` text NOT NULL,
  `meta_description` text NOT NULL
) ENGINE=InnoDB DEFAULT CHARSET=latin1 COLLATE=latin1_swedish_ci;

--
-- Dumping data for table `tbl_post`
--

INSERT INTO `tbl_post` (`post_id`, `post_title`, `post_slug`, `post_content`, `post_date`, `photo`, `category_id`, `total_view`, `meta_title`, `meta_keyword`, `meta_description`) VALUES
(1, 'Cu vel choro exerci pri et oratio iisque', 'cu-vel-choro-exerci-pri-et-oratio-iisque', '<p>Lorem ipsum dolor sit amet, qui case probo velit no, an postea scaevola partiendo mei. Id mea fuisset perpetua referrentur. Ut everti ceteros mei, alii discere eum no, duo id malis iuvaret. Ad sint everti accusam vel, ea viderer suscipiantur pri. Brute option minimum in cum, ignota iuvaret an pro.</p>\r\n\r\n<p>Solum atqui intellegebat mea an. Ne ius alterum aliquam. Ea nec populo aliquid mentitum, vis in meliore atomorum, sanctus consequat vituperatoribus duo ea. Ad doctus pertinacia ius, virtute fuisset id has, eum ut modo principes. Qui eu labore adversarium, oporteat delicata qui ut, an qui meliore principes. Id aliquid dolorum nam.</p>\r\n\r\n<p>Reque pericula philosophia ut mei, volumus eligendi mandamus has an. In nobis consulatu pri, has at timeam scaevola, has simul quaeque et. Te nec sale accumsan. Dolorem prodesset efficiendi sea ea.</p>\r\n\r\n<p>Et habeo modus debitis pri, vel quis fierent albucius ne. Ea animal meliore usu, nec etiam dolorum atomorum at, nam in audire mandamus omittantur. Cu ius dicam officiis molestiae, mea volumus officiis cotidieque no. Ut vel possim interpretaris, idque probatus antiopam has ad. Facilisi qualisque te sea, no dolorum mnesarchum usu.</p>\r\n\r\n<p>Eum tota graeci impetus an, eirmod invenire rationibus ne mel. Ignota habemus eum ex, vis omnesque delicata perpetua an. Sit id modo invidunt sapientem, ne eum vocibus dolores phaedrum. Case praesent appellantur eu per.</p>\r\n', '05-09-2017', 'news-1.jpg', 3, 14, 'Cu vel choro exerci pri et oratio iisque', '', ''),
(2, 'Epicurei necessitatibus eu facilisi postulant ', 'epicurei-necessitatibus-eu-facilisi-postulant-', '<p>Lorem ipsum dolor sit amet, qui case probo velit no, an postea scaevola partiendo mei. Id mea fuisset perpetua referrentur. Ut everti ceteros mei, alii discere eum no, duo id malis iuvaret. Ad sint everti accusam vel, ea viderer suscipiantur pri. Brute option minimum in cum, ignota iuvaret an pro.</p>\r\n\r\n<p>Solum atqui intellegebat mea an. Ne ius alterum aliquam. Ea nec populo aliquid mentitum, vis in meliore atomorum, sanctus consequat vituperatoribus duo ea. Ad doctus pertinacia ius, virtute fuisset id has, eum ut modo principes. Qui eu labore adversarium, oporteat delicata qui ut, an qui meliore principes. Id aliquid dolorum nam.</p>\r\n\r\n<p>Reque pericula philosophia ut mei, volumus eligendi mandamus has an. In nobis consulatu pri, has at timeam scaevola, has simul quaeque et. Te nec sale accumsan. Dolorem prodesset efficiendi sea ea.</p>\r\n\r\n<p>Et habeo modus debitis pri, vel quis fierent albucius ne. Ea animal meliore usu, nec etiam dolorum atomorum at, nam in audire mandamus omittantur. Cu ius dicam officiis molestiae, mea volumus officiis cotidieque no. Ut vel possim interpretaris, idque probatus antiopam has ad. Facilisi qualisque te sea, no dolorum mnesarchum usu.</p>\r\n\r\n<p>Eum tota graeci impetus an, eirmod invenire rationibus ne mel. Ignota habemus eum ex, vis omnesque delicata perpetua an. Sit id modo invidunt sapientem, ne eum vocibus dolores phaedrum. Case praesent appellantur eu per.</p>\r\n', '05-09-2017', 'news-2.jpg', 3, 6, 'Epicurei necessitatibus eu facilisi postulant ', '', ''),
(3, 'Mei ut errem legimus periculis eos liber', 'mei-ut-errem-legimus-periculis-eos-liber', '<p>Lorem ipsum dolor sit amet, qui case probo velit no, an postea scaevola partiendo mei. Id mea fuisset perpetua referrentur. Ut everti ceteros mei, alii discere eum no, duo id malis iuvaret. Ad sint everti accusam vel, ea viderer suscipiantur pri. Brute option minimum in cum, ignota iuvaret an pro.</p>\r\n\r\n<p>Solum atqui intellegebat mea an. Ne ius alterum aliquam. Ea nec populo aliquid mentitum, vis in meliore atomorum, sanctus consequat vituperatoribus duo ea. Ad doctus pertinacia ius, virtute fuisset id has, eum ut modo principes. Qui eu labore adversarium, oporteat delicata qui ut, an qui meliore principes. Id aliquid dolorum nam.</p>\r\n\r\n<p>Reque pericula philosophia ut mei, volumus eligendi mandamus has an. In nobis consulatu pri, has at timeam scaevola, has simul quaeque et. Te nec sale accumsan. Dolorem prodesset efficiendi sea ea.</p>\r\n\r\n<p>Et habeo modus debitis pri, vel quis fierent albucius ne. Ea animal meliore usu, nec etiam dolorum atomorum at, nam in audire mandamus omittantur. Cu ius dicam officiis molestiae, mea volumus officiis cotidieque no. Ut vel possim interpretaris, idque probatus antiopam has ad. Facilisi qualisque te sea, no dolorum mnesarchum usu.</p>\r\n\r\n<p>Eum tota graeci impetus an, eirmod invenire rationibus ne mel. Ignota habemus eum ex, vis omnesque delicata perpetua an. Sit id modo invidunt sapientem, ne eum vocibus dolores phaedrum. Case praesent appellantur eu per.</p>\r\n', '05-09-2017', 'news-3.jpg', 3, 1, 'Mei ut errem legimus periculis eos liber', '', ''),
(4, 'Id pro unum pertinax oportere vel', 'id-pro-unum-pertinax-oportere-vel', '<p>Lorem ipsum dolor sit amet, qui case probo velit no, an postea scaevola partiendo mei. Id mea fuisset perpetua referrentur. Ut everti ceteros mei, alii discere eum no, duo id malis iuvaret. Ad sint everti accusam vel, ea viderer suscipiantur pri. Brute option minimum in cum, ignota iuvaret an pro.</p>\r\n\r\n<p>Solum atqui intellegebat mea an. Ne ius alterum aliquam. Ea nec populo aliquid mentitum, vis in meliore atomorum, sanctus consequat vituperatoribus duo ea. Ad doctus pertinacia ius, virtute fuisset id has, eum ut modo principes. Qui eu labore adversarium, oporteat delicata qui ut, an qui meliore principes. Id aliquid dolorum nam.</p>\r\n\r\n<p>Reque pericula philosophia ut mei, volumus eligendi mandamus has an. In nobis consulatu pri, has at timeam scaevola, has simul quaeque et. Te nec sale accumsan. Dolorem prodesset efficiendi sea ea.</p>\r\n\r\n<p>Et habeo modus debitis pri, vel quis fierent albucius ne. Ea animal meliore usu, nec etiam dolorum atomorum at, nam in audire mandamus omittantur. Cu ius dicam officiis molestiae, mea volumus officiis cotidieque no. Ut vel possim interpretaris, idque probatus antiopam has ad. Facilisi qualisque te sea, no dolorum mnesarchum usu.</p>\r\n\r\n<p>Eum tota graeci impetus an, eirmod invenire rationibus ne mel. Ignota habemus eum ex, vis omnesque delicata perpetua an. Sit id modo invidunt sapientem, ne eum vocibus dolores phaedrum. Case praesent appellantur eu per.</p>\r\n', '05-09-2017', 'news-4.jpg', 4, 0, 'Id pro unum pertinax oportere vel', '', ''),
(5, 'Tollit cetero cu usu etiam evertitur', 'tollit-cetero-cu-usu-etiam-evertitur', '<p>Lorem ipsum dolor sit amet, qui case probo velit no, an postea scaevola partiendo mei. Id mea fuisset perpetua referrentur. Ut everti ceteros mei, alii discere eum no, duo id malis iuvaret. Ad sint everti accusam vel, ea viderer suscipiantur pri. Brute option minimum in cum, ignota iuvaret an pro.</p>\r\n\r\n<p>Solum atqui intellegebat mea an. Ne ius alterum aliquam. Ea nec populo aliquid mentitum, vis in meliore atomorum, sanctus consequat vituperatoribus duo ea. Ad doctus pertinacia ius, virtute fuisset id has, eum ut modo principes. Qui eu labore adversarium, oporteat delicata qui ut, an qui meliore principes. Id aliquid dolorum nam.</p>\r\n\r\n<p>Reque pericula philosophia ut mei, volumus eligendi mandamus has an. In nobis consulatu pri, has at timeam scaevola, has simul quaeque et. Te nec sale accumsan. Dolorem prodesset efficiendi sea ea.</p>\r\n\r\n<p>Et habeo modus debitis pri, vel quis fierent albucius ne. Ea animal meliore usu, nec etiam dolorum atomorum at, nam in audire mandamus omittantur. Cu ius dicam officiis molestiae, mea volumus officiis cotidieque no. Ut vel possim interpretaris, idque probatus antiopam has ad. Facilisi qualisque te sea, no dolorum mnesarchum usu.</p>\r\n\r\n<p>Eum tota graeci impetus an, eirmod invenire rationibus ne mel. Ignota habemus eum ex, vis omnesque delicata perpetua an. Sit id modo invidunt sapientem, ne eum vocibus dolores phaedrum. Case praesent appellantur eu per.</p>\r\n', '05-09-2017', 'news-5.jpg', 4, 24, 'Tollit cetero cu usu etiam evertitur', '', ''),
(6, 'Omnes ornatus qui et te aeterno', 'omnes-ornatus-qui-et-te-aeterno', '<p>Lorem ipsum dolor sit amet, qui case probo velit no, an postea scaevola partiendo mei. Id mea fuisset perpetua referrentur. Ut everti ceteros mei, alii discere eum no, duo id malis iuvaret. Ad sint everti accusam vel, ea viderer suscipiantur pri. Brute option minimum in cum, ignota iuvaret an pro.</p>\r\n\r\n<p>Solum atqui intellegebat mea an. Ne ius alterum aliquam. Ea nec populo aliquid mentitum, vis in meliore atomorum, sanctus consequat vituperatoribus duo ea. Ad doctus pertinacia ius, virtute fuisset id has, eum ut modo principes. Qui eu labore adversarium, oporteat delicata qui ut, an qui meliore principes. Id aliquid dolorum nam.</p>\r\n\r\n<p>Reque pericula philosophia ut mei, volumus eligendi mandamus has an. In nobis consulatu pri, has at timeam scaevola, has simul quaeque et. Te nec sale accumsan. Dolorem prodesset efficiendi sea ea.</p>\r\n\r\n<p>Et habeo modus debitis pri, vel quis fierent albucius ne. Ea animal meliore usu, nec etiam dolorum atomorum at, nam in audire mandamus omittantur. Cu ius dicam officiis molestiae, mea volumus officiis cotidieque no. Ut vel possim interpretaris, idque probatus antiopam has ad. Facilisi qualisque te sea, no dolorum mnesarchum usu.</p>\r\n\r\n<p>Eum tota graeci impetus an, eirmod invenire rationibus ne mel. Ignota habemus eum ex, vis omnesque delicata perpetua an. Sit id modo invidunt sapientem, ne eum vocibus dolores phaedrum. Case praesent appellantur eu per.</p>\r\n', '05-09-2017', 'news-6.jpg', 4, 2, 'Omnes ornatus qui et te aeterno', '', ''),
(7, 'Vix tale noluisse voluptua ad ne', 'vix-tale-noluisse-voluptua-ad-ne', '<p>Lorem ipsum dolor sit amet, qui case probo velit no, an postea scaevola partiendo mei. Id mea fuisset perpetua referrentur. Ut everti ceteros mei, alii discere eum no, duo id malis iuvaret. Ad sint everti accusam vel, ea viderer suscipiantur pri. Brute option minimum in cum, ignota iuvaret an pro.</p>\r\n\r\n<p>Solum atqui intellegebat mea an. Ne ius alterum aliquam. Ea nec populo aliquid mentitum, vis in meliore atomorum, sanctus consequat vituperatoribus duo ea. Ad doctus pertinacia ius, virtute fuisset id has, eum ut modo principes. Qui eu labore adversarium, oporteat delicata qui ut, an qui meliore principes. Id aliquid dolorum nam.</p>\r\n\r\n<p>Reque pericula philosophia ut mei, volumus eligendi mandamus has an. In nobis consulatu pri, has at timeam scaevola, has simul quaeque et. Te nec sale accumsan. Dolorem prodesset efficiendi sea ea.</p>\r\n\r\n<p>Et habeo modus debitis pri, vel quis fierent albucius ne. Ea animal meliore usu, nec etiam dolorum atomorum at, nam in audire mandamus omittantur. Cu ius dicam officiis molestiae, mea volumus officiis cotidieque no. Ut vel possim interpretaris, idque probatus antiopam has ad. Facilisi qualisque te sea, no dolorum mnesarchum usu.</p>\r\n\r\n<p>Eum tota graeci impetus an, eirmod invenire rationibus ne mel. Ignota habemus eum ex, vis omnesque delicata perpetua an. Sit id modo invidunt sapientem, ne eum vocibus dolores phaedrum. Case praesent appellantur eu per.</p>\r\n', '05-09-2017', 'news-7.jpg', 2, 0, 'Vix tale noluisse voluptua ad ne', '', ''),
(8, 'Liber utroque vim an ne his brute', 'liber-utroque-vim-an-ne-his-brute', '<p>Lorem ipsum dolor sit amet, qui case probo velit no, an postea scaevola partiendo mei. Id mea fuisset perpetua referrentur. Ut everti ceteros mei, alii discere eum no, duo id malis iuvaret. Ad sint everti accusam vel, ea viderer suscipiantur pri. Brute option minimum in cum, ignota iuvaret an pro.</p>\r\n\r\n<p>Solum atqui intellegebat mea an. Ne ius alterum aliquam. Ea nec populo aliquid mentitum, vis in meliore atomorum, sanctus consequat vituperatoribus duo ea. Ad doctus pertinacia ius, virtute fuisset id has, eum ut modo principes. Qui eu labore adversarium, oporteat delicata qui ut, an qui meliore principes. Id aliquid dolorum nam.</p>\r\n\r\n<p>Reque pericula philosophia ut mei, volumus eligendi mandamus has an. In nobis consulatu pri, has at timeam scaevola, has simul quaeque et. Te nec sale accumsan. Dolorem prodesset efficiendi sea ea.</p>\r\n\r\n<p>Et habeo modus debitis pri, vel quis fierent albucius ne. Ea animal meliore usu, nec etiam dolorum atomorum at, nam in audire mandamus omittantur. Cu ius dicam officiis molestiae, mea volumus officiis cotidieque no. Ut vel possim interpretaris, idque probatus antiopam has ad. Facilisi qualisque te sea, no dolorum mnesarchum usu.</p>\r\n\r\n<p>Eum tota graeci impetus an, eirmod invenire rationibus ne mel. Ignota habemus eum ex, vis omnesque delicata perpetua an. Sit id modo invidunt sapientem, ne eum vocibus dolores phaedrum. Case praesent appellantur eu per.</p>\r\n', '05-09-2017', 'news-8.jpg', 2, 12, 'Liber utroque vim an ne his brute', '', ''),
(9, 'Nostrum copiosae argumentum has', 'nostrum-copiosae-argumentum-has', '<p>Lorem ipsum dolor sit amet, qui case probo velit no, an postea scaevola partiendo mei. Id mea fuisset perpetua referrentur. Ut everti ceteros mei, alii discere eum no, duo id malis iuvaret. Ad sint everti accusam vel, ea viderer suscipiantur pri. Brute option minimum in cum, ignota iuvaret an pro.</p>\r\n\r\n<p>Solum atqui intellegebat mea an. Ne ius alterum aliquam. Ea nec populo aliquid mentitum, vis in meliore atomorum, sanctus consequat vituperatoribus duo ea. Ad doctus pertinacia ius, virtute fuisset id has, eum ut modo principes. Qui eu labore adversarium, oporteat delicata qui ut, an qui meliore principes. Id aliquid dolorum nam.</p>\r\n\r\n<p>Reque pericula philosophia ut mei, volumus eligendi mandamus has an. In nobis consulatu pri, has at timeam scaevola, has simul quaeque et. Te nec sale accumsan. Dolorem prodesset efficiendi sea ea.</p>\r\n\r\n<p>Et habeo modus debitis pri, vel quis fierent albucius ne. Ea animal meliore usu, nec etiam dolorum atomorum at, nam in audire mandamus omittantur. Cu ius dicam officiis molestiae, mea volumus officiis cotidieque no. Ut vel possim interpretaris, idque probatus antiopam has ad. Facilisi qualisque te sea, no dolorum mnesarchum usu.</p>\r\n\r\n<p>Eum tota graeci impetus an, eirmod invenire rationibus ne mel. Ignota habemus eum ex, vis omnesque delicata perpetua an. Sit id modo invidunt sapientem, ne eum vocibus dolores phaedrum. Case praesent appellantur eu per.</p>\r\n', '05-09-2017', 'news-9.jpg', 1, 12, 'Nostrum copiosae argumentum has', '', ''),
(10, 'An labores explicari qui eu', 'an-labores-explicari-qui-eu', '<p>Lorem ipsum dolor sit amet, qui case probo velit no, an postea scaevola partiendo mei. Id mea fuisset perpetua referrentur. Ut everti ceteros mei, alii discere eum no, duo id malis iuvaret. Ad sint everti accusam vel, ea viderer suscipiantur pri. Brute option minimum in cum, ignota iuvaret an pro.</p>\r\n\r\n<p>Solum atqui intellegebat mea an. Ne ius alterum aliquam. Ea nec populo aliquid mentitum, vis in meliore atomorum, sanctus consequat vituperatoribus duo ea. Ad doctus pertinacia ius, virtute fuisset id has, eum ut modo principes. Qui eu labore adversarium, oporteat delicata qui ut, an qui meliore principes. Id aliquid dolorum nam.</p>\r\n\r\n<p>Reque pericula philosophia ut mei, volumus eligendi mandamus has an. In nobis consulatu pri, has at timeam scaevola, has simul quaeque et. Te nec sale accumsan. Dolorem prodesset efficiendi sea ea.</p>\r\n\r\n<p>Et habeo modus debitis pri, vel quis fierent albucius ne. Ea animal meliore usu, nec etiam dolorum atomorum at, nam in audire mandamus omittantur. Cu ius dicam officiis molestiae, mea volumus officiis cotidieque no. Ut vel possim interpretaris, idque probatus antiopam has ad. Facilisi qualisque te sea, no dolorum mnesarchum usu.</p>\r\n\r\n<p>Eum tota graeci impetus an, eirmod invenire rationibus ne mel. Ignota habemus eum ex, vis omnesque delicata perpetua an. Sit id modo invidunt sapientem, ne eum vocibus dolores phaedrum. Case praesent appellantur eu per.</p>\r\n', '05-09-2017', 'news-10.jpg', 1, 4, 'An labores explicari qui eu', '', ''),
(11, 'Lorem ipsum dolor sit amet', 'lorem-ipsum-dolor-sit-amet', '<p>Lorem ipsum dolor sit amet, qui case probo velit no, an postea scaevola partiendo mei. Id mea fuisset perpetua referrentur. Ut everti ceteros mei, alii discere eum no, duo id malis iuvaret. Ad sint everti accusam vel, ea viderer suscipiantur pri. Brute option minimum in cum, ignota iuvaret an pro.</p>\r\n\r\n<p>Solum atqui intellegebat mea an. Ne ius alterum aliquam. Ea nec populo aliquid mentitum, vis in meliore atomorum, sanctus consequat vituperatoribus duo ea. Ad doctus pertinacia ius, virtute fuisset id has, eum ut modo principes. Qui eu labore adversarium, oporteat delicata qui ut, an qui meliore principes. Id aliquid dolorum nam.</p>\r\n\r\n<p>Reque pericula philosophia ut mei, volumus eligendi mandamus has an. In nobis consulatu pri, has at timeam scaevola, has simul quaeque et. Te nec sale accumsan. Dolorem prodesset efficiendi sea ea.</p>\r\n\r\n<p>Et habeo modus debitis pri, vel quis fierent albucius ne. Ea animal meliore usu, nec etiam dolorum atomorum at, nam in audire mandamus omittantur. Cu ius dicam officiis molestiae, mea volumus officiis cotidieque no. Ut vel possim interpretaris, idque probatus antiopam has ad. Facilisi qualisque te sea, no dolorum mnesarchum usu.</p>\r\n\r\n<p>Eum tota graeci impetus an, eirmod invenire rationibus ne mel. Ignota habemus eum ex, vis omnesque delicata perpetua an. Sit id modo invidunt sapientem, ne eum vocibus dolores phaedrum. Case praesent appellantur eu per.</p>\r\n', '05-09-2017', 'news-11.jpg', 1, 18, 'Lorem ipsum dolor sit amet', '', '');

-- --------------------------------------------------------

--
-- Table structure for table `tbl_product`
--

CREATE TABLE `tbl_product` (
  `p_id` int(11) NOT NULL,
  `p_name` varchar(255) NOT NULL,
  `p_old_price` varchar(10) NOT NULL,
  `p_current_price` varchar(10) NOT NULL,
  `p_qty` int(10) NOT NULL,
  `p_featured_photo` varchar(255) NOT NULL,
  `p_description` text NOT NULL,
  `p_short_description` text NOT NULL,
  `p_feature` text NOT NULL,
  `p_condition` text NOT NULL,
  `p_return_policy` text NOT NULL,
  `p_total_view` int(11) NOT NULL,
  `p_is_featured` int(1) NOT NULL,
  `p_is_active` int(1) NOT NULL,
  `ecat_id` int(11) NOT NULL
) ENGINE=InnoDB DEFAULT CHARSET=latin1 COLLATE=latin1_swedish_ci;

--
-- Dumping data for table `tbl_product`
--

INSERT INTO `tbl_product` (`p_id`, `p_name`, `p_old_price`, `p_current_price`, `p_qty`, `p_featured_photo`, `p_description`, `p_short_description`, `p_feature`, `p_condition`, `p_return_policy`, `p_total_view`, `p_is_featured`, `p_is_active`, `ecat_id`) VALUES
(125, 'Mobil Tangki Jetting', '', '', 5, 'product-featured-125.jpg', '<p>Unit Mobil Tangki Jetting</p>', '<p>Unit Mobil Tangki Jetting<br></p>', '<p>Unit Mobil Tangki Jetting<br></p>', '<p>Unit Mobil Tangki Jetting<br></p>', '<p>Unit Mobil Tangki Jetting<br></p>', 66, 1, 0, 83),
(130, 'Mobil Tangki Kapasitas 2000 L', '', '', 5, 'product-featured-130.jpg', '<p>Unit Mobil Tangki Kapasitas 2000 Liter<br></p>', '<p>Unit Mobil Tangki Kapasitas 2000 Liter<br></p>', '<p>Unit Mobil Tangki Kapasitas 2000 Liter<br></p>', '<p>Unit Mobil Tangki Kapasitas 2000 Liter<br></p>', '<p>Unit Mobil Tangki Kapasitas 2000 Liter<br></p>', 49, 1, 0, 83),
(131, 'Mobil Pelayanan Khusus Desain Grafis', '', '', 5, 'product-featured-131.jpg', '<p>UnitMobil Pelayanan Khusus Desain Grafis di khususkan untuk pelatihan berbasis desain grafis</p>', '<p>UnitMobil Pelayanan Khusus Desain Grafis di khususkan untuk pelatihan berbasis desain grafis<br></p>', '<p>Unit PC (Personal Computer)</p><p>Ac</p><p>dll</p>', '<p>UnitMobil Pelayanan Khusus Desain Grafis di khususkan untuk pelatihan berbasis desain grafis<br></p>', '<p>Tenda Awning</p><p>Custom Sticker</p><p>dll</p>', 46, 1, 0, 86),
(132, 'Mobil Pelayanan Khusus Teknik Las', '', '', 5, 'product-featured-132.jpg', '<p>UnitMobil Pelayanan Khusus Pelatihan Teknik Las</p>', '<p>UnitMobil Pelayanan Khusus Pelatihan Teknik Las<br></p>', '<p>tool kit</p><p>ac</p><p>merja kursi</p><p>dll</p>', '<p>UnitMobil Pelayanan Khusus Pelatihan Teknik Las<br></p>', '<p>tenda awning</p><p>Quiver / Electrode Dryer</p><p>las inverter</p><p>tabung co2</p><p>tabung o2</p><p>regulator co2</p><p>regulator o2</p>', 46, 1, 0, 86),
(141, 'Dump Truck Aero 7 m3', '', '', 5, 'product-featured-141.jpg', '<p><b>Dump truck</b> merupakan kendaraan yang digunakan untuk mengangkut material seperti kerikil, batu, pasir, tanah, hasil tambang dan material lainnya. Untuk mengisi muatan dari dam truk ini biasanya digunakan alat penguat untuk membongkar biasanya akan bekerja sendiri dari mobil tersebut<br></p>', '<p>Unit Dump Truck Aero kapasitas 7 m3</p>', '<p>Unit Dump Truck Aero kapasitas 7 m3<br></p>', '<p>Unit Dump Truck Aero kapasitas 7 m3<br></p>', '<p>Unit Dump Truck Aero kapasitas 7 m3<br></p>', 40, 1, 0, 81),
(142, 'Mobil Tahanan Type Luxury', '', '', 5, 'product-featured-142.jpg', '<p><b>Mobil Tahanan bertype Luxury</b> merupakan mobil yang digunakan instansi pemerintahan bidang hukum untuk keperluan transportasi antar jemput tahanan</p>', '<p>Mobil Tahanan type Luxury<br></p>', '<p>Sesuai Permintaan Customer</p>', '<p>Mobil Tahanan type Luxury<br></p>', '<p>Sesuai Permintaan Customer<br></p>', 34, 1, 0, 86),
(143, 'Mobil Dalmas', '', '', 5, 'product-featured-143.jpg', '<p><b>Mobil Dalmas</b> ini sangat bermanfat untuk mendukung tugas Polri untuk pelayanan masyarakat. Truk Dalmas ini, bisa dimanfaatkan masyarakat jika ada yang membutuhkan.<br></p>', '<p>Mobil Dalmas<br></p>', '<p>Sesuai Permintaan Customer</p>', '<p>Mobil Dalmas<br></p>', '<p>Sesuai Permintaan Customer</p>', 34, 1, 0, 86),
(144, 'Arm Roll + Kontainer Tertutup 6 m3', '', '', 5, 'product-featured-144.jpg', '<p><b>Mobil Arm Roll dengan Kontainer tertutup</b> biasanya difungsikan untuk pengelolaan sampah baik organik maupun an-organik, dengan kapasitas nya masing-masing mobil ini bisa menampung sampah yang memudahkan pekerjaan kita menjadi ringan</p>', '<p>Arm Roll + Kontainer Tertutup 6 m3<br></p>', '<p>Sesuai Permintaan Kustomer<br></p>', '<p>Arm Roll + Kontainer Tertutup 6 m3<br></p>', '<p>Sesuai Permintaan Kustomer</p>', 41, 1, 0, 80),
(146, 'Mini Dump 2,5 m3', '', '', 5, 'product-featured-146.jpg', '<p>Mini Dump dengan kapasitas 2,5 m3 merupakan mobil mini yang digunakan untuk pengelolaan sampah,Yang jadi keunikan Mini Dump Truck Mega Truck ini ialah bak sampah di belakang yang bisa terangkat otomatis cukup dengan memencet tombol. Alhasil bak bisa naik hingga 45 derajat dengan dukungan hidraulis.</p>', '<p>Mini Dump 2,5 m3<br></p>', '<p>Sesuai Permintaan Kustomer</p>', '<p>Mini Dump 2,5 m3<br></p>', '<p>Sesuai Permintaan Kustomer<br></p>', 45, 1, 0, 89),
(148, 'Dump Truk 3,5 m3', '', '', 5, 'product-featured-148.jpg', '<p>Dump Truk berkapasitas 3,5 m3 memiliki fungsi layaknya dump truck berkapasitas standar<br></p>', '<p>Dump Truk 3,5 m3<br></p>', '<p>Sesuai Permintaan Kustomer</p>', '<p>Dump Truk 3,5 m3<br></p>', '<p>Sesuai Permintaan Kustomer<br></p>', 39, 1, 0, 89),
(150, 'Mobil Rak Tanaman Mini', '', '', 5, 'product-featured-150.jpg', '<p><b>Mobil Pengangkut Rak Tanaman mini</b> digunakan sebagai mobil pengangkut tanaman dengan kapasitas kecil, terdapat 2 rak tanaman dibelakang, selain digunakan untuk pengangkut tanaman, mobil ini juga bisa digunakan sebagai mobil pengangkut barang</p>', '<p>Mobil Rak Tanaman Mini<br></p>', '<p>Sesuai Permintaan Kustomer</p>', '<p>Mobil Rak Tanaman Mini<br></p>', '<p>Sesuai Permintaan Kustomer<br></p>', 40, 1, 0, 88),
(151, 'Mobil Ambulance', '', '', 5, 'product-featured-151.jpg', '<p><b>Mobil Ambulance</b> merupakan kendaraan atau unit transportasi medis yang dilengkapi dengan peralatan medis untuk mengangkut, menangani pasien gawat darurat, memberikan pertolongan pertama dan melakukan perawatan intensif selama dalam perjalanan menuju rumah sakit rujukan.<br></p>', '<p>Mobil Ambulance<br></p>', '<p>Sesuai Permintaan Kustomer</p>', '<p>Mobil Ambulance<br></p>', '<p>Sesuai Permintaan Kustomer<br></p>', 37, 1, 0, 86),
(153, 'Mobil Tangki Stainless 8000 L', '', '', 5, 'product-featured-153.jpg', '<p><b>Truk tangki</b> adalah truk yang dirancang untuk mengangkut muatan berbentuk cair atau gas. Untuk meningkatkan kestabilan dalam transportasi cairan dalam tangki, tangki dibagi dalam beberapa kompartemen yang dipisahkan dengan sekat-sekat.</p><p>Kelebihan menggunakan truk tangki stainless steel SUS 304 adalah kemampuan tahan karatnya yang tinggi sehingga tidak mudah teroksidasi dan berkarat yang dapat menjamin keamanan dan kebersihan produk yang diangkut.</p>', '<p>Mobil Tangki Stainless 8000 L<br></p>', '<p>Sesuai Permintaan Kustomer</p>', '<p>Mobil Tangki Stainless 8000 L<br></p>', '<p>Sesuai Permintaan Kustomer<br></p>', 45, 1, 0, 83),
(154, 'Arm Roll Double Hidraulik + Kontainer Terbuka', '', '', 5, 'product-featured-154.jpg', '<p>Kelebihannya menggunakan silinder kerja ganda adalah lebih terkontrol, retraksi lebih cepat, cocok digunakan untuk pekerjaan yang membutuhkan pengulangan, serta menerapkan gaya dorong dan tarik menarik.</p><p>Jenis silinder double acting biasanya digunakan untuk pekerjaan yang memerlukan pengulangan misalkan seperti jack atau pengaplikasian crib, pekerjaan yang memerlukan waktu dalam mengontrol retraksi, ketika membutuhkan baik gaya dorong maupun tarik, serta ketika membutuhkan hoses yang panjang.</p>', '<p>Arm Roll Double Hidraulik + Kontainer Terbuka<br></p>', '<p>Sesuai Permintaan Kustomer</p>', '<p>Arm Roll Double Hidraulik + Kontainer Terbuka<br></p>', '<p>Sesuai Permintaan Kustomer<br></p>', 55, 1, 0, 80),
(158, 'Self Loader 9 Meter Jack Hyva', '', '', 5, 'product-featured-158.jpg', '<p><b>Self Loader</b> merupakan sebuah kendaraan yang kerap digunakan dalam dunia alat berat. Fungsi utama dari kendaraan ini adalah untuk mengangkut alat berat dari satu lokasi ke lokasi yang lain.</p><p>Pada dasarnya alat berat bisa berpindah tempat jika dioperasikan seperti biasa. Namun penggunaan truk tronton maupun Fuso dalam proses pemindahan alat berat dinilai mampu memberikan kemudahan dan membuat proses pemindahan alat berat selesai dengan lebih cepat.</p>', '<p>Self Loader 9 Meter Jack Hyva<br></p>', '<p>Sesuai Permintaan Kustomer</p>', '<p>Self Loader 9 Meter Jack Hyva<br></p>', '<p>Sesuai Permintaan Kustomer<br></p>', 38, 1, 0, 87),
(160, 'Mobil Tangki Air 5000 L', '', '', 5, 'product-featured-160.jpg', '<p><b>Mobil tangki air</b> yaitu mobil tangki untuk mengangkut air minum dari SPAM dengan jaringan perpipaan maupun bukan jaringan perpipaan ke terminal air dan/ atau depo air minum isi ulang yang memenuhi syarat sebagai wadah makanan (tara pangan/ food grade). Dengan mobil ini air minum bisa dinikmati masyarakat, walaupun dalam jarak jauh dan medan yang relatif sulit dengan segera.<br></p>', '<p>Mobil Tangki Air 5000 L<br></p>', '<p>Sesuai Permmintaan Kustomer</p>', '<p>Mobil Tangki Air Kapasitas 5000 L<br></p>', '<p>Sesuai Permmintaan Kustomer<br></p>', 34, 1, 0, 83),
(161, 'Mobil Sky Lift 9 m', '', '', 5, 'product-featured-161.jpg', '<p><b>Mobil Skylift</b> memiliki fungsi untuk membawa seseorang atau material ke tempat yang lebih tinggi dengan lebih mudah dibandingkan mengangkutnya secara manual. Skylift dapat diandalkan untuk berbagai kebutuhan mulai dari kebutuhan konstruksi hingga kebutuhan lain yang sifatnya lebih ringan.<br></p>', '<p>Mobil Sky Lift 9 m<br></p>', '<p>Sesuai Permintaan Kustomer</p>', '<p>Mobil Sky Lift 9 m<br></p>', '<p>Sesuai Permintaan Kustomer<br></p>', 40, 1, 0, 82),
(162, 'Self Loader 9m', '', '', 5, 'product-featured-162.jpg', '<p><b>Self Loader</b> merupakan sebuah kendaraan yang kerap digunakan dalam dunia alat berat. Fungsi utama dari kendaraan ini adalah untuk mengangkut alat berat dari satu lokasi ke lokasi yang lain.</p><p>Pada dasarnya alat berat bisa berpindah tempat jika dioperasikan seperti biasa. Namun penggunaan truk tronton maupun Fuso dalam proses pemindahan alat berat dinilai mampu memberikan kemudahan dan membuat proses pemindahan alat berat selesai dengan lebih cepat.</p>', '<p>Self Loader 9m<br></p>', '<p>Sesuai Permintaan Kustomer</p>', '<p>Self Loader 9m<br></p>', '<p>Sesuai Permintaan Kustomer<br></p>', 29, 1, 0, 87),
(163, 'Tangki Air 4000 L', '', '', 5, 'product-featured-163.jpg', '<p><b>Mobil tangki air</b> yaitu mobil tangki untuk mengangkut air minum dari SPAM dengan jaringan perpipaan maupun bukan jaringan perpipaan ke terminal air dan/ atau depo air minum isi ulang yang memenuhi syarat sebagai wadah. Dengan mobil ini air minum bisa dinikmati masyarakat, walaupun dalam jarak jauh dan medan yang relatif sulit dengan segera.<br></p>', '<p>Tangki Air 4000 L<br></p>', '<p>Sesuai Permintaan Kustomer</p>', '<p>Tangki Air 4000 L<br></p>', '<p>Sesuai Permintaan Kustomer<br></p>', 30, 1, 0, 83),
(165, 'Mobil Mini Roller Carrier', '', '', 5, 'product-featured-165.jpg', '<p>Mobil Mini Roller Carrier<br></p>', '<p>Mobil Mini Roller Carrier<br></p>', '<p>Sesuai Permintaan Kustomer<br></p>', '<p>Mobil Mini Roller Carrier<br></p>', '<p>Sesuai Permintaan Kustomer<br></p>', 34, 1, 0, 86),
(168, 'TRUCK LOW BAD', '', '', 5, 'product-featured-168.jpg', '<p><b>Trailer lowbed</b> atau lebih sering digunakan untuk pendistribusian seperti; special cargo, big case cargo, yang biasanya untuk menangani special cargo yang berat dan berukuran besar, juga memiliki lebar dan tinggi yang melebihi kapasitas standard layak jalan yang tujuannya untuk kepentingan keamanan cargo selama dalam pendistribusian. </p><p>Pemakai dan jenis trailer ini biasanya adalah perusahaan yang bergerak dibidang manufacture, drilling, project-project oil dan gas, ataupun juga exportir/importir yang menangani special cargo. </p><p>Jenis trailer ini hanya satu, tetapi memiliki beberapa macam tingkat kekuatan daya tonase, dan disesuaikan dengan dimensi cargo yang akan didistribusikan. Ukuran trailer jenis lowbed ini mulai dan panjang 6 m sampai dengan 12 m, lebar 3 m dan tinggi im, memilki 2 gandar/axle sampai dengan 4 gandar/axle, dengan daya tonase mulai dan 20 ton sampai dengan 70 ton.<br></p>', '', '', '', '', 131, 1, 1, 91),
(169, 'COMPACTOR', '', '', 5, 'product-featured-169.jpg', '<p><b>Truk sampah compactor</b> merupakan truk sampah yang sudah dilengkapi alat untuk memadatkan sampah di bagian bak sehingga air tetesan sampah di jalan saat pengangkutan bisa diminimalkan sekaligus meminimalkan bau kurang sedap sepanjang jalan.<br></p>', '', '', '', '', 156, 1, 1, 85),
(170, 'TRUCK CRANE', '', '', 5, 'product-featured-170.jpg', '<p style=\"text-align: justify; \"><b>Truck crane</b> adalah salah satu jenis crane yang digunakan untuk memindahkan bahan-bahan, alat-alat ataupun beban di</p><p style=\"text-align: justify; \">lapangan pada industri-industri atau pabrik-pabrik, areal pembangunan dan sebagainya. Truck crane hanya mengangkat beban-beban dalam jumlah besar dan dalam jarak yang sangat terbatas. Artinya penggunaan truck crane sebagai alat pengangkat dan pemindahan beban pada umumnya digunakan di tempat-tempat atau di areal-areal yang membutuhkan dimensi cukup luas,</p><p style=\"text-align: justify; \">dikarenakan dimensi dari truck crane itu sendiri cukup besar karena itu penggunaan truck crane sangat terbatas.</p>', '', '', '', '', 128, 1, 1, 92);

-- --------------------------------------------------------

--
-- Table structure for table `tbl_product_color`
--

CREATE TABLE `tbl_product_color` (
  `id` int(11) NOT NULL,
  `color_id` int(11) NOT NULL,
  `p_id` int(11) NOT NULL
) ENGINE=InnoDB DEFAULT CHARSET=latin1 COLLATE=latin1_swedish_ci;

--
-- Dumping data for table `tbl_product_color`
--

INSERT INTO `tbl_product_color` (`id`, `color_id`, `p_id`) VALUES
(69, 1, 4),
(70, 4, 4),
(77, 6, 6),
(82, 2, 12),
(83, 9, 13),
(84, 3, 14),
(85, 2, 15),
(86, 6, 15),
(87, 3, 16),
(88, 3, 17),
(89, 2, 18),
(90, 3, 19),
(91, 1, 20),
(92, 8, 21),
(93, 2, 22),
(94, 2, 23),
(95, 2, 25),
(96, 5, 26),
(97, 2, 27),
(98, 4, 27),
(99, 5, 28),
(100, 7, 29),
(101, 10, 30),
(102, 11, 31),
(103, 14, 32),
(105, 2, 34),
(106, 1, 35),
(107, 3, 36),
(109, 6, 38),
(110, 2, 39),
(111, 11, 42),
(149, 3, 10),
(150, 6, 9),
(151, 3, 8),
(152, 7, 7),
(159, 2, 77),
(163, 17, 79),
(164, 2, 78),
(167, 3, 80),
(168, 2, 81),
(172, 1, 82),
(173, 2, 82),
(174, 4, 82);

-- --------------------------------------------------------

--
-- Table structure for table `tbl_product_photo`
--

CREATE TABLE `tbl_product_photo` (
  `pp_id` int(11) NOT NULL,
  `photo` varchar(255) NOT NULL,
  `p_id` int(11) NOT NULL
) ENGINE=InnoDB DEFAULT CHARSET=latin1 COLLATE=latin1_swedish_ci;

--
-- Dumping data for table `tbl_product_photo`
--

INSERT INTO `tbl_product_photo` (`pp_id`, `photo`, `p_id`) VALUES
(166, '166.jpg', 125),
(188, '188.jpg', 130),
(189, '189.jpg', 131),
(190, '190.jpg', 132),
(204, '204.jpg', 144),
(207, '207.jpg', 146),
(208, '208.jpg', 146),
(212, '212.jpg', 148),
(213, '213.jpg', 148),
(214, '214.jpg', 148),
(217, '217.jpg', 150),
(218, '218.jpg', 150),
(222, '222.jpg', 154),
(223, '223.jpg', 154),
(224, '224.jpg', 154),
(225, '225.jpg', 154),
(232, '232.jpg', 158),
(233, '233.jpg', 158),
(236, '236.jpg', 160),
(237, '237.jpg', 160),
(238, '238.jpg', 160),
(239, '239.jpg', 161),
(240, '240.jpg', 161),
(241, '241.jpg', 161),
(242, '242.jpg', 162),
(243, '243.jpg', 163),
(244, '244.jpg', 163),
(247, '247.jpg', 165),
(248, '248.jpg', 165),
(249, '249.jpg', 165),
(250, '250.jpg', 153);

-- --------------------------------------------------------

--
-- Table structure for table `tbl_product_size`
--

CREATE TABLE `tbl_product_size` (
  `id` int(11) NOT NULL,
  `size_id` int(11) NOT NULL,
  `p_id` int(11) NOT NULL
) ENGINE=InnoDB DEFAULT CHARSET=latin1 COLLATE=latin1_swedish_ci;

--
-- Dumping data for table `tbl_product_size`
--

INSERT INTO `tbl_product_size` (`id`, `size_id`, `p_id`) VALUES
(44, 1, 6),
(56, 8, 12),
(57, 9, 12),
(58, 10, 12),
(59, 11, 12),
(60, 12, 12),
(61, 13, 12),
(62, 9, 13),
(63, 11, 13),
(64, 13, 13),
(65, 15, 13),
(66, 9, 14),
(67, 11, 14),
(68, 12, 14),
(69, 13, 14),
(70, 9, 15),
(71, 11, 15),
(72, 13, 15),
(73, 15, 16),
(74, 16, 16),
(75, 17, 16),
(76, 16, 17),
(77, 17, 17),
(78, 14, 18),
(79, 15, 18),
(80, 16, 18),
(81, 17, 18),
(82, 15, 19),
(83, 16, 19),
(84, 17, 19),
(85, 14, 20),
(86, 15, 20),
(87, 17, 20),
(88, 15, 21),
(89, 17, 21),
(90, 15, 22),
(91, 16, 22),
(92, 17, 22),
(93, 15, 23),
(94, 16, 23),
(95, 17, 23),
(96, 18, 25),
(97, 19, 25),
(98, 20, 25),
(99, 21, 25),
(100, 19, 26),
(101, 21, 26),
(102, 22, 26),
(103, 23, 26),
(104, 19, 27),
(105, 20, 27),
(106, 21, 27),
(107, 22, 27),
(108, 19, 28),
(109, 20, 28),
(110, 21, 28),
(111, 19, 29),
(112, 20, 29),
(113, 22, 29),
(114, 1, 30),
(115, 2, 30),
(116, 3, 30),
(117, 4, 30),
(118, 23, 31),
(119, 26, 32),
(123, 2, 34),
(124, 2, 35),
(125, 2, 36),
(126, 3, 36),
(129, 2, 38),
(130, 3, 38),
(131, 4, 38),
(132, 5, 38),
(133, 27, 39),
(134, 8, 42),
(210, 3, 10),
(211, 4, 10),
(212, 5, 10),
(213, 6, 10),
(214, 3, 9),
(215, 4, 9),
(216, 3, 8),
(217, 4, 8),
(218, 2, 7),
(219, 3, 7),
(220, 4, 7),
(249, 1, 79),
(250, 2, 79),
(251, 3, 79),
(252, 1, 78),
(253, 2, 78),
(254, 3, 78),
(255, 4, 78),
(256, 5, 78),
(259, 26, 80),
(262, 3, 82),
(263, 4, 82);

-- --------------------------------------------------------

--
-- Table structure for table `tbl_rating`
--

CREATE TABLE `tbl_rating` (
  `rt_id` int(11) NOT NULL,
  `p_id` int(11) NOT NULL,
  `cust_id` int(11) NOT NULL,
  `comment` text NOT NULL,
  `rating` int(11) NOT NULL
) ENGINE=InnoDB DEFAULT CHARSET=latin1 COLLATE=latin1_swedish_ci;

-- --------------------------------------------------------

--
-- Table structure for table `tbl_service`
--

CREATE TABLE `tbl_service` (
  `id` int(11) NOT NULL,
  `title` varchar(255) NOT NULL,
  `content` text NOT NULL,
  `photo` varchar(255) NOT NULL
) ENGINE=InnoDB DEFAULT CHARSET=latin1 COLLATE=latin1_swedish_ci;

--
-- Dumping data for table `tbl_service`
--

INSERT INTO `tbl_service` (`id`, `title`, `content`, `photo`) VALUES
(11, '<h3>PT. Karoseri Senang Jaya Abadi</h3>', 'PT. Senang Jaya Abadi moves in the field of hydraulic distributors. In 2009 PT. Senang Jaya Abadi began to build the carpooling of plates, dump trucks, ring tanks, water tanks and loading tanks. With the best quality and materials and supported with the latest technology and worked by a team of experienced experts in its field, thus producing quality products. Since the beginning, the aspiration of PT. Senang Jaya Eternal is to create quality products so that they can compete in the national market. With the ISO 9001-2008 Quality Management System Certification, the products produced are expected to be more quality and stable. Get all the facilities and services from our company, which we will provide to serve any operational fleet needs, in order to improve the performance and profitability of the company.', 'service-11.png');

-- --------------------------------------------------------

--
-- Table structure for table `tbl_settings`
--

CREATE TABLE `tbl_settings` (
  `id` int(11) NOT NULL,
  `logo` varchar(255) NOT NULL,
  `favicon` varchar(255) NOT NULL,
  `footer_about` text NOT NULL,
  `footer_copyright` text NOT NULL,
  `contact_address` text NOT NULL,
  `contact_email` varchar(255) NOT NULL,
  `contact_phone` varchar(255) NOT NULL,
  `contact_fax` varchar(255) NOT NULL,
  `contact_map_iframe` text NOT NULL,
  `receive_email` varchar(255) NOT NULL,
  `receive_email_subject` varchar(255) NOT NULL,
  `receive_email_thank_you_message` text NOT NULL,
  `forget_password_message` text NOT NULL,
  `total_recent_post_footer` int(10) NOT NULL,
  `total_popular_post_footer` int(10) NOT NULL,
  `total_recent_post_sidebar` int(11) NOT NULL,
  `total_popular_post_sidebar` int(11) NOT NULL,
  `total_featured_product_home` int(11) NOT NULL,
  `total_latest_product_home` int(11) NOT NULL,
  `total_popular_product_home` int(11) NOT NULL,
  `meta_title_home` text NOT NULL,
  `meta_keyword_home` text NOT NULL,
  `meta_description_home` text NOT NULL,
  `banner_login` varchar(255) NOT NULL,
  `banner_registration` varchar(255) NOT NULL,
  `banner_forget_password` varchar(255) NOT NULL,
  `banner_reset_password` varchar(255) NOT NULL,
  `banner_search` varchar(255) NOT NULL,
  `banner_cart` varchar(255) NOT NULL,
  `banner_checkout` varchar(255) NOT NULL,
  `banner_product_category` varchar(255) NOT NULL,
  `banner_blog` varchar(255) NOT NULL,
  `cta_title` varchar(255) NOT NULL,
  `cta_content` text NOT NULL,
  `cta_read_more_text` varchar(255) NOT NULL,
  `cta_read_more_url` varchar(255) NOT NULL,
  `cta_photo` varchar(255) NOT NULL,
  `featured_product_title` varchar(255) NOT NULL,
  `featured_product_subtitle` varchar(255) NOT NULL,
  `latest_product_title` varchar(255) NOT NULL,
  `latest_product_subtitle` varchar(255) NOT NULL,
  `popular_product_title` varchar(255) NOT NULL,
  `popular_product_subtitle` varchar(255) NOT NULL,
  `testimonial_title` varchar(255) NOT NULL,
  `testimonial_subtitle` varchar(255) NOT NULL,
  `testimonial_photo` varchar(255) NOT NULL,
  `blog_title` varchar(255) NOT NULL,
  `blog_subtitle` varchar(255) NOT NULL,
  `newsletter_text` text NOT NULL,
  `paypal_email` varchar(255) NOT NULL,
  `stripe_public_key` varchar(255) NOT NULL,
  `stripe_secret_key` varchar(255) NOT NULL,
  `bank_detail` text NOT NULL,
  `before_head` text NOT NULL,
  `after_body` text NOT NULL,
  `before_body` text NOT NULL,
  `home_service_on_off` int(11) NOT NULL,
  `home_welcome_on_off` int(11) NOT NULL,
  `home_featured_product_on_off` int(11) NOT NULL,
  `home_latest_product_on_off` int(11) NOT NULL,
  `home_popular_product_on_off` int(11) NOT NULL,
  `home_testimonial_on_off` int(11) NOT NULL,
  `home_blog_on_off` int(11) NOT NULL,
  `newsletter_on_off` int(11) NOT NULL,
  `ads_above_welcome_on_off` int(1) NOT NULL,
  `ads_above_featured_product_on_off` int(1) NOT NULL,
  `ads_above_latest_product_on_off` int(1) NOT NULL,
  `ads_above_popular_product_on_off` int(1) NOT NULL,
  `ads_above_testimonial_on_off` int(1) NOT NULL,
  `ads_category_sidebar_on_off` int(1) NOT NULL
) ENGINE=InnoDB DEFAULT CHARSET=latin1 COLLATE=latin1_swedish_ci;

--
-- Dumping data for table `tbl_settings`
--

INSERT INTO `tbl_settings` (`id`, `logo`, `favicon`, `footer_about`, `footer_copyright`, `contact_address`, `contact_email`, `contact_phone`, `contact_fax`, `contact_map_iframe`, `receive_email`, `receive_email_subject`, `receive_email_thank_you_message`, `forget_password_message`, `total_recent_post_footer`, `total_popular_post_footer`, `total_recent_post_sidebar`, `total_popular_post_sidebar`, `total_featured_product_home`, `total_latest_product_home`, `total_popular_product_home`, `meta_title_home`, `meta_keyword_home`, `meta_description_home`, `banner_login`, `banner_registration`, `banner_forget_password`, `banner_reset_password`, `banner_search`, `banner_cart`, `banner_checkout`, `banner_product_category`, `banner_blog`, `cta_title`, `cta_content`, `cta_read_more_text`, `cta_read_more_url`, `cta_photo`, `featured_product_title`, `featured_product_subtitle`, `latest_product_title`, `latest_product_subtitle`, `popular_product_title`, `popular_product_subtitle`, `testimonial_title`, `testimonial_subtitle`, `testimonial_photo`, `blog_title`, `blog_subtitle`, `newsletter_text`, `paypal_email`, `stripe_public_key`, `stripe_secret_key`, `bank_detail`, `before_head`, `after_body`, `before_body`, `home_service_on_off`, `home_welcome_on_off`, `home_featured_product_on_off`, `home_latest_product_on_off`, `home_popular_product_on_off`, `home_testimonial_on_off`, `home_blog_on_off`, `newsletter_on_off`, `ads_above_welcome_on_off`, `ads_above_featured_product_on_off`, `ads_above_latest_product_on_off`, `ads_above_popular_product_on_off`, `ads_above_testimonial_on_off`, `ads_category_sidebar_on_off`) VALUES
(1, 'logoo.png', 'favicon.png', '<p>Lorem ipsum dolor sit amet, omnis signiferumque in mei, mei ex enim concludaturque. Senserit salutandi euripidis no per, modus maiestatis scribentur est an.Ea suas pertinax has.</p>\r\n', '2023 - PT. Karoseri Senang Jaya Abadi', 'Jl. Raya Pantura, Rawaurip, Kec. Pangenan, Kabupaten Cirebon, Jawa Barat \r\n(0231) - 8292456', 'senangjayaabadi@gmail.com', '(0231) - 8292456', '', '<iframe src=\"https://www.google.com/maps/embed?pb=!1m18!1m12!1m3!1d3961.7543472182115!2d108.65559861475548!3d-6.799712368393528!2m3!1f0!2f0!3f0!3m2!1i1024!2i768!4f13.1!3m3!1m2!1s0x2e6f037bf2cc1611%3A0x61841193eb2d0348!2sKaroseri%20Senang%20Jaya%20Abadi!5e0!3m2!1sid!2sid!4v1680069435563!5m2!1sid!2sid\" width=\"600\" height=\"450\" style=\"border:0;\" allowfullscreen=\"\" loading=\"lazy\"></iframe>', 'essainsani@gmail.com', 'Visitor Email Message', 'Thank you for sending email. We will contact you shortly.', 'A confirmation link is sent to your email address. You will get the password reset information in there.', 4, 4, 5, 5, 5, 0, 0, 'Karoseri Senang Jaya Abadi', 'Karoseri Senang Jaya Abadi, karoseri cirebon, karoseri indonesia, karoseri terbaik, karoseri terbaik di cirebon, karoseri di cirebon, karoseri dump truk cirebon, karoseri dump truck cirebon', 'Karoseri Senang Jaya Abadi, karoseri dump truck di cirebon, karoseri terbaik di indonesia, karoseri terbaik di cirebon, karoseri yang mengerjakan dump truck, mobil khusus, sky lift, dan lain-lain.', 'banner_login.jpg', 'banner_registration.jpg', 'banner_forget_password.jpg', 'banner_reset_password.jpg', 'banner_search.jpg', 'banner_cart.jpg', 'banner_checkout.jpg', 'banner_product_category.jpg', 'banner_blog.jpg', 'Welcome To Our Ecommerce Website', 'Lorem ipsum dolor sit amet, an labores explicari qui, eu nostrum copiosae argumentum has. Latine propriae quo no, unum ridens expetenda id sit, \r\nat usu eius eligendi singulis. Sea ocurreret principes ne. At nonumy aperiri pri, nam quodsi copiosae intellegebat et, ex deserunt euripidis usu. ', 'Read More', '#', 'cta.jpg', 'Featured Products', 'Our list on Top Featured Products', 'Latest Products', 'Our list of recently added products', 'Popular Products', 'Popular products based on customer\'s choice', 'Testimonials', 'See what our clients tell about us', 'testimonial.jpg', 'Latest Blog', 'See all our latest articles and news from below', 'Sign-up to our newsletter for latest promotions and discounts.', 'admin@ecom.com', 'pk_test_0SwMWadgu8DwmEcPdUPRsZ7b', 'sk_test_TFcsLJ7xxUtpALbDo1L5c1PN', 'Bank Name: WestView Bank\r\nAccount Number: CA100270589600\r\nBranch Name: Esa\r\nCountry: Indonesia', '', '<div id=\"fb-root\"></div>\r\n<script>(function(d, s, id) {\r\n  var js, fjs = d.getElementsByTagName(s)[0];\r\n  if (d.getElementById(id)) return;\r\n  js = d.createElement(s); js.id = id;\r\n  js.src = \"//connect.facebook.net/en_US/sdk.js#xfbml=1&version=v2.10&appId=323620764400430\";\r\n  fjs.parentNode.insertBefore(js, fjs);\r\n}(document, \'script\', \'facebook-jssdk\'));</script>', '', 1, 1, 1, 1, 1, 1, 1, 1, 1, 1, 1, 1, 1, 1);

-- --------------------------------------------------------

--
-- Table structure for table `tbl_shipping_cost`
--

CREATE TABLE `tbl_shipping_cost` (
  `shipping_cost_id` int(11) NOT NULL,
  `country_id` int(11) NOT NULL,
  `amount` varchar(20) NOT NULL
) ENGINE=InnoDB DEFAULT CHARSET=latin1 COLLATE=latin1_swedish_ci;

--
-- Dumping data for table `tbl_shipping_cost`
--

INSERT INTO `tbl_shipping_cost` (`shipping_cost_id`, `country_id`, `amount`) VALUES
(1, 228, '11'),
(2, 167, '10'),
(3, 13, '8'),
(4, 230, '0');

-- --------------------------------------------------------

--
-- Table structure for table `tbl_shipping_cost_all`
--

CREATE TABLE `tbl_shipping_cost_all` (
  `sca_id` int(11) NOT NULL,
  `amount` varchar(20) NOT NULL
) ENGINE=InnoDB DEFAULT CHARSET=latin1 COLLATE=latin1_swedish_ci;

--
-- Dumping data for table `tbl_shipping_cost_all`
--

INSERT INTO `tbl_shipping_cost_all` (`sca_id`, `amount`) VALUES
(1, '100');

-- --------------------------------------------------------

--
-- Table structure for table `tbl_size`
--

CREATE TABLE `tbl_size` (
  `size_id` int(11) NOT NULL,
  `size_name` varchar(255) NOT NULL
) ENGINE=InnoDB DEFAULT CHARSET=latin1 COLLATE=latin1_swedish_ci;

--
-- Dumping data for table `tbl_size`
--

INSERT INTO `tbl_size` (`size_id`, `size_name`) VALUES
(1, 'XS'),
(2, 'S'),
(3, 'M'),
(4, 'L'),
(5, 'XL'),
(6, 'XXL'),
(7, '3XL'),
(8, '31'),
(9, '32'),
(10, '33'),
(11, '34'),
(12, '35'),
(13, '36'),
(14, '37'),
(15, '38'),
(16, '39'),
(17, '40'),
(18, '41'),
(19, '42'),
(20, '43'),
(21, '44'),
(22, '45'),
(23, '46'),
(24, '47'),
(25, '48'),
(26, 'Free Size'),
(27, 'One Size for All'),
(28, '10'),
(29, '12 Months'),
(30, '2T'),
(31, '3T'),
(32, '4T'),
(33, '5T'),
(34, '6 Years'),
(35, '7 Years'),
(36, '8 Years'),
(37, '10 Years'),
(38, '12 Years'),
(39, '14 Years'),
(40, '256 GB'),
(41, '128 GB'),
(42, '14 Plus'),
(43, '16 Plus'),
(44, '18 Plus'),
(45, '20 Plus'),
(46, '22 Plus'),
(47, '24 Plus');

-- --------------------------------------------------------

--
-- Table structure for table `tbl_slider`
--

CREATE TABLE `tbl_slider` (
  `id` int(11) NOT NULL,
  `photo` varchar(255) NOT NULL,
  `heading` varchar(255) NOT NULL,
  `content` text NOT NULL,
  `button_text` varchar(255) NOT NULL,
  `button_url` varchar(255) NOT NULL,
  `position` varchar(255) NOT NULL
) ENGINE=InnoDB DEFAULT CHARSET=latin1 COLLATE=latin1_swedish_ci;

--
-- Dumping data for table `tbl_slider`
--

INSERT INTO `tbl_slider` (`id`, `photo`, `heading`, `content`, `button_text`, `button_url`, `position`) VALUES
(1, 'slide-4.jpg', 'Welcome', 'Karoseri Senang Jaya Abadi', 'View...', 'https://karoserisenangjaya.com/sja/about.php', 'Center'),
(3, 'slide-1.jpg', 'Customer Support', 'Karoseri Senang Jaya Abadi', 'Read More', 'https://karoserisenangjaya.com/sja/contact.php', 'Right'),
(4, 'slide-5.jpg', 'The Best', 'Product', 'More...', 'https://karoserisenangjaya.com/sja/product-category.php?id=6&type=top-category', 'Left');

-- --------------------------------------------------------

--
-- Table structure for table `tbl_social`
--

CREATE TABLE `tbl_social` (
  `social_id` int(11) NOT NULL,
  `social_name` varchar(30) NOT NULL,
  `social_url` varchar(255) NOT NULL,
  `social_icon` varchar(30) NOT NULL
) ENGINE=InnoDB DEFAULT CHARSET=latin1 COLLATE=latin1_swedish_ci;

--
-- Dumping data for table `tbl_social`
--

INSERT INTO `tbl_social` (`social_id`, `social_name`, `social_url`, `social_icon`) VALUES
(1, 'Facebook', 'https://www.facebook.com/SenangJayaAbadi', 'fa fa-facebook'),
(2, 'Twitter', 'https://www.twitter.com/#', 'fa fa-twitter'),
(3, 'LinkedIn', '', 'fa fa-linkedin'),
(4, 'Google Plus', '', 'fa fa-google-plus'),
(5, 'Pinterest', '', 'fa fa-pinterest'),
(6, 'YouTube', 'https://www.youtube.com/#', 'fa fa-youtube'),
(7, 'Instagram', 'https://www.instagram.com/explore/locations/236833679777322/senang-jaya-abadi-cirebon/', 'fa fa-instagram'),
(8, 'Tumblr', '', 'fa fa-tumblr'),
(9, 'Flickr', '', 'fa fa-flickr'),
(10, 'Reddit', '', 'fa fa-reddit'),
(11, 'Snapchat', '', 'fa fa-snapchat'),
(12, 'WhatsApp', 'https://www.whatsapp.com/#', 'fa fa-whatsapp'),
(13, 'Quora', '', 'fa fa-quora'),
(14, 'StumbleUpon', '', 'fa fa-stumbleupon'),
(15, 'Delicious', '', 'fa fa-delicious'),
(16, 'Digg', '', 'fa fa-digg');

-- --------------------------------------------------------

--
-- Table structure for table `tbl_subscriber`
--

CREATE TABLE `tbl_subscriber` (
  `subs_id` int(11) NOT NULL,
  `subs_email` varchar(255) NOT NULL,
  `subs_date` varchar(100) NOT NULL,
  `subs_date_time` varchar(100) NOT NULL,
  `subs_hash` varchar(255) NOT NULL,
  `subs_active` int(11) NOT NULL
) ENGINE=InnoDB DEFAULT CHARSET=latin1 COLLATE=latin1_swedish_ci;

--
-- Dumping data for table `tbl_subscriber`
--

INSERT INTO `tbl_subscriber` (`subs_id`, `subs_email`, `subs_date`, `subs_date_time`, `subs_hash`, `subs_active`) VALUES
(7, 'essainsani@gmail.com', '2023-07-17', '2023-07-17 19:03:44', '69ca9f286efac6d78762b2337cf1e67e', 0);

-- --------------------------------------------------------

--
-- Table structure for table `tbl_top_category`
--

CREATE TABLE `tbl_top_category` (
  `tcat_id` int(11) NOT NULL,
  `tcat_name` varchar(255) NOT NULL,
  `show_on_menu` int(1) NOT NULL
) ENGINE=InnoDB DEFAULT CHARSET=latin1 COLLATE=latin1_swedish_ci;

--
-- Dumping data for table `tbl_top_category`
--

INSERT INTO `tbl_top_category` (`tcat_id`, `tcat_name`, `show_on_menu`) VALUES
(6, 'Product', 1);

-- --------------------------------------------------------

--
-- Table structure for table `tbl_user`
--

CREATE TABLE `tbl_user` (
  `id` int(10) NOT NULL,
  `full_name` varchar(100) NOT NULL,
  `email` varchar(255) NOT NULL,
  `phone` varchar(100) NOT NULL,
  `password` varchar(255) NOT NULL,
  `photo` varchar(255) NOT NULL,
  `role` varchar(30) NOT NULL,
  `status` varchar(10) NOT NULL
) ENGINE=InnoDB DEFAULT CHARSET=latin1 COLLATE=latin1_swedish_ci;

--
-- Dumping data for table `tbl_user`
--

INSERT INTO `tbl_user` (`id`, `full_name`, `email`, `phone`, `password`, `photo`, `role`, `status`) VALUES
(1, 'Administrator', 'essainsani@gmail.com', '082135871417', '27f428cd1909a15d598963a0b722d6b5', 'user-1.png', 'Super Admin', 'Active'),
(2, 'Esa', 'esa.insani@mail.com', '4444444444', '81dc9bdb52d04dc20036dbd8313ed055', 'user-13.jpg', 'Admin', 'Active');

-- --------------------------------------------------------

--
-- Table structure for table `tbl_video`
--

CREATE TABLE `tbl_video` (
  `id` int(11) NOT NULL,
  `title` varchar(255) NOT NULL,
  `iframe_code` text NOT NULL
) ENGINE=InnoDB DEFAULT CHARSET=latin1 COLLATE=latin1_swedish_ci;

--
-- Dumping data for table `tbl_video`
--

INSERT INTO `tbl_video` (`id`, `title`, `iframe_code`) VALUES
(1, 'Video 1', '<iframe width=\"560\" height=\"315\" src=\"https://www.youtube.com/embed/L3XAFSMdVWU\" frameborder=\"0\" allow=\"autoplay; encrypted-media\" allowfullscreen></iframe>'),
(2, 'Video 2', '<iframe width=\"560\" height=\"315\" src=\"https://www.youtube.com/embed/sinQ06YzbJI\" frameborder=\"0\" allow=\"autoplay; encrypted-media\" allowfullscreen></iframe>'),
(4, 'Video 3', '<iframe width=\"560\" height=\"315\" src=\"https://www.youtube.com/embed/ViZNgU-Yt-Y\" frameborder=\"0\" allow=\"autoplay; encrypted-media\" allowfullscreen></iframe>');

--
-- Indexes for dumped tables
--

--
-- Indexes for table `tbl_color`
--
ALTER TABLE `tbl_color`
  ADD PRIMARY KEY (`color_id`);

--
-- Indexes for table `tbl_country`
--
ALTER TABLE `tbl_country`
  ADD PRIMARY KEY (`country_id`);

--
-- Indexes for table `tbl_customer`
--
ALTER TABLE `tbl_customer`
  ADD PRIMARY KEY (`cust_id`);

--
-- Indexes for table `tbl_customer_message`
--
ALTER TABLE `tbl_customer_message`
  ADD PRIMARY KEY (`customer_message_id`);

--
-- Indexes for table `tbl_end_category`
--
ALTER TABLE `tbl_end_category`
  ADD PRIMARY KEY (`ecat_id`);

--
-- Indexes for table `tbl_faq`
--
ALTER TABLE `tbl_faq`
  ADD PRIMARY KEY (`faq_id`);

--
-- Indexes for table `tbl_language`
--
ALTER TABLE `tbl_language`
  ADD PRIMARY KEY (`lang_id`);

--
-- Indexes for table `tbl_mid_category`
--
ALTER TABLE `tbl_mid_category`
  ADD PRIMARY KEY (`mcat_id`);

--
-- Indexes for table `tbl_order`
--
ALTER TABLE `tbl_order`
  ADD PRIMARY KEY (`id`);

--
-- Indexes for table `tbl_page`
--
ALTER TABLE `tbl_page`
  ADD PRIMARY KEY (`id`);

--
-- Indexes for table `tbl_payment`
--
ALTER TABLE `tbl_payment`
  ADD PRIMARY KEY (`id`);

--
-- Indexes for table `tbl_photo`
--
ALTER TABLE `tbl_photo`
  ADD PRIMARY KEY (`id`);

--
-- Indexes for table `tbl_post`
--
ALTER TABLE `tbl_post`
  ADD PRIMARY KEY (`post_id`);

--
-- Indexes for table `tbl_product`
--
ALTER TABLE `tbl_product`
  ADD PRIMARY KEY (`p_id`);

--
-- Indexes for table `tbl_product_color`
--
ALTER TABLE `tbl_product_color`
  ADD PRIMARY KEY (`id`);

--
-- Indexes for table `tbl_product_photo`
--
ALTER TABLE `tbl_product_photo`
  ADD PRIMARY KEY (`pp_id`);

--
-- Indexes for table `tbl_product_size`
--
ALTER TABLE `tbl_product_size`
  ADD PRIMARY KEY (`id`);

--
-- Indexes for table `tbl_rating`
--
ALTER TABLE `tbl_rating`
  ADD PRIMARY KEY (`rt_id`);

--
-- Indexes for table `tbl_service`
--
ALTER TABLE `tbl_service`
  ADD PRIMARY KEY (`id`);

--
-- Indexes for table `tbl_settings`
--
ALTER TABLE `tbl_settings`
  ADD PRIMARY KEY (`id`);

--
-- Indexes for table `tbl_shipping_cost`
--
ALTER TABLE `tbl_shipping_cost`
  ADD PRIMARY KEY (`shipping_cost_id`);

--
-- Indexes for table `tbl_shipping_cost_all`
--
ALTER TABLE `tbl_shipping_cost_all`
  ADD PRIMARY KEY (`sca_id`);

--
-- Indexes for table `tbl_size`
--
ALTER TABLE `tbl_size`
  ADD PRIMARY KEY (`size_id`);

--
-- Indexes for table `tbl_slider`
--
ALTER TABLE `tbl_slider`
  ADD PRIMARY KEY (`id`);

--
-- Indexes for table `tbl_social`
--
ALTER TABLE `tbl_social`
  ADD PRIMARY KEY (`social_id`);

--
-- Indexes for table `tbl_subscriber`
--
ALTER TABLE `tbl_subscriber`
  ADD PRIMARY KEY (`subs_id`);

--
-- Indexes for table `tbl_top_category`
--
ALTER TABLE `tbl_top_category`
  ADD PRIMARY KEY (`tcat_id`);

--
-- Indexes for table `tbl_user`
--
ALTER TABLE `tbl_user`
  ADD PRIMARY KEY (`id`);

--
-- Indexes for table `tbl_video`
--
ALTER TABLE `tbl_video`
  ADD PRIMARY KEY (`id`);

--
-- AUTO_INCREMENT for dumped tables
--

--
-- AUTO_INCREMENT for table `tbl_color`
--
ALTER TABLE `tbl_color`
  MODIFY `color_id` int(11) NOT NULL AUTO_INCREMENT, AUTO_INCREMENT=30;

--
-- AUTO_INCREMENT for table `tbl_country`
--
ALTER TABLE `tbl_country`
  MODIFY `country_id` int(11) NOT NULL AUTO_INCREMENT, AUTO_INCREMENT=246;

--
-- AUTO_INCREMENT for table `tbl_customer`
--
ALTER TABLE `tbl_customer`
  MODIFY `cust_id` int(11) NOT NULL AUTO_INCREMENT, AUTO_INCREMENT=11;

--
-- AUTO_INCREMENT for table `tbl_customer_message`
--
ALTER TABLE `tbl_customer_message`
  MODIFY `customer_message_id` int(11) NOT NULL AUTO_INCREMENT, AUTO_INCREMENT=9;

--
-- AUTO_INCREMENT for table `tbl_end_category`
--
ALTER TABLE `tbl_end_category`
  MODIFY `ecat_id` int(11) NOT NULL AUTO_INCREMENT, AUTO_INCREMENT=93;

--
-- AUTO_INCREMENT for table `tbl_faq`
--
ALTER TABLE `tbl_faq`
  MODIFY `faq_id` int(11) NOT NULL AUTO_INCREMENT, AUTO_INCREMENT=4;

--
-- AUTO_INCREMENT for table `tbl_language`
--
ALTER TABLE `tbl_language`
  MODIFY `lang_id` int(11) NOT NULL AUTO_INCREMENT, AUTO_INCREMENT=164;

--
-- AUTO_INCREMENT for table `tbl_mid_category`
--
ALTER TABLE `tbl_mid_category`
  MODIFY `mcat_id` int(11) NOT NULL AUTO_INCREMENT, AUTO_INCREMENT=31;

--
-- AUTO_INCREMENT for table `tbl_order`
--
ALTER TABLE `tbl_order`
  MODIFY `id` int(11) NOT NULL AUTO_INCREMENT;

--
-- AUTO_INCREMENT for table `tbl_page`
--
ALTER TABLE `tbl_page`
  MODIFY `id` int(11) NOT NULL AUTO_INCREMENT, AUTO_INCREMENT=2;

--
-- AUTO_INCREMENT for table `tbl_payment`
--
ALTER TABLE `tbl_payment`
  MODIFY `id` int(11) NOT NULL AUTO_INCREMENT, AUTO_INCREMENT=56;

--
-- AUTO_INCREMENT for table `tbl_photo`
--
ALTER TABLE `tbl_photo`
  MODIFY `id` int(11) NOT NULL AUTO_INCREMENT, AUTO_INCREMENT=7;

--
-- AUTO_INCREMENT for table `tbl_post`
--
ALTER TABLE `tbl_post`
  MODIFY `post_id` int(11) NOT NULL AUTO_INCREMENT, AUTO_INCREMENT=12;

--
-- AUTO_INCREMENT for table `tbl_product`
--
ALTER TABLE `tbl_product`
  MODIFY `p_id` int(11) NOT NULL AUTO_INCREMENT, AUTO_INCREMENT=171;

--
-- AUTO_INCREMENT for table `tbl_product_color`
--
ALTER TABLE `tbl_product_color`
  MODIFY `id` int(11) NOT NULL AUTO_INCREMENT, AUTO_INCREMENT=175;

--
-- AUTO_INCREMENT for table `tbl_product_photo`
--
ALTER TABLE `tbl_product_photo`
  MODIFY `pp_id` int(11) NOT NULL AUTO_INCREMENT, AUTO_INCREMENT=255;

--
-- AUTO_INCREMENT for table `tbl_product_size`
--
ALTER TABLE `tbl_product_size`
  MODIFY `id` int(11) NOT NULL AUTO_INCREMENT, AUTO_INCREMENT=264;

--
-- AUTO_INCREMENT for table `tbl_rating`
--
ALTER TABLE `tbl_rating`
  MODIFY `rt_id` int(11) NOT NULL AUTO_INCREMENT;

--
-- AUTO_INCREMENT for table `tbl_service`
--
ALTER TABLE `tbl_service`
  MODIFY `id` int(11) NOT NULL AUTO_INCREMENT, AUTO_INCREMENT=12;

--
-- AUTO_INCREMENT for table `tbl_settings`
--
ALTER TABLE `tbl_settings`
  MODIFY `id` int(11) NOT NULL AUTO_INCREMENT, AUTO_INCREMENT=2;

--
-- AUTO_INCREMENT for table `tbl_shipping_cost`
--
ALTER TABLE `tbl_shipping_cost`
  MODIFY `shipping_cost_id` int(11) NOT NULL AUTO_INCREMENT, AUTO_INCREMENT=5;

--
-- AUTO_INCREMENT for table `tbl_shipping_cost_all`
--
ALTER TABLE `tbl_shipping_cost_all`
  MODIFY `sca_id` int(11) NOT NULL AUTO_INCREMENT, AUTO_INCREMENT=2;

--
-- AUTO_INCREMENT for table `tbl_size`
--
ALTER TABLE `tbl_size`
  MODIFY `size_id` int(11) NOT NULL AUTO_INCREMENT, AUTO_INCREMENT=48;

--
-- AUTO_INCREMENT for table `tbl_slider`
--
ALTER TABLE `tbl_slider`
  MODIFY `id` int(11) NOT NULL AUTO_INCREMENT, AUTO_INCREMENT=5;

--
-- AUTO_INCREMENT for table `tbl_social`
--
ALTER TABLE `tbl_social`
  MODIFY `social_id` int(11) NOT NULL AUTO_INCREMENT, AUTO_INCREMENT=17;

--
-- AUTO_INCREMENT for table `tbl_subscriber`
--
ALTER TABLE `tbl_subscriber`
  MODIFY `subs_id` int(11) NOT NULL AUTO_INCREMENT, AUTO_INCREMENT=8;

--
-- AUTO_INCREMENT for table `tbl_top_category`
--
ALTER TABLE `tbl_top_category`
  MODIFY `tcat_id` int(11) NOT NULL AUTO_INCREMENT, AUTO_INCREMENT=7;

--
-- AUTO_INCREMENT for table `tbl_user`
--
ALTER TABLE `tbl_user`
  MODIFY `id` int(10) NOT NULL AUTO_INCREMENT, AUTO_INCREMENT=3;

--
-- AUTO_INCREMENT for table `tbl_video`
--
ALTER TABLE `tbl_video`
  MODIFY `id` int(11) NOT NULL AUTO_INCREMENT, AUTO_INCREMENT=5;
COMMIT;

/*!40101 SET CHARACTER_SET_CLIENT=@OLD_CHARACTER_SET_CLIENT */;
/*!40101 SET CHARACTER_SET_RESULTS=@OLD_CHARACTER_SET_RESULTS */;
/*!40101 SET COLLATION_CONNECTION=@OLD_COLLATION_CONNECTION */;
